"Company","Leader name","Domain","1) Company Enrich - Linkedin","1) Company Enrich - Employee Range","1) Company Enrich - Description","2) Company Type (2)","2) Company Type - response","3) Company Revenue Model(s)","3) Company Revenue Model(s) - response","4) Company Revenue","4) Enrich Church - Lead Pastor Name","4) Enrich Church - Member Count","4) Enrich Church - Church Denomination","4) Enrich Church - Physical Location Count","Facebook (Company)","Instagram (Company)","7) Instagram Followers","8) Company's media involvement","ENR - Audio Distribution Channels","Audio distribution channel names","audio distribution channel types","Find cumulative ad spend for a company","Sumadspend - Advertisers","Apple Podcast Link","Apple Podcast Link apple Podcast Url","Apple podcast - Avg Uploads (6 Months)","Company Tech Stack","11) Podcast Audience Metrics","Competitive Solutions in Use","Competitive Solutions in Use - response"
"180 Church ","Pastor Lorenzo Sewell","180church.cc",,,,"Response","Church","Donations, Sponsorships","Donations, Sponsorships","$0-$1M",,,,,,"https://www.instagram.com/180church.cc/","6533","TV","{""name"":""YouTube"",""url"":""https://www.youtube.com/channel/UCCXzVAtZu0npffIvPkno6tQ"",""frequency"":nu...","Youtube, Apple Podcasts, Spotify","Streaming Platform, Podcast Directory","❌ No spend data found",,"https://podcasts.apple.com/us/podcast/the-180-church-podcast-with-dr-sammy-and-friends/id1383362738","https://podcasts.apple.com/us/podcast/the-180-church-podcast-with-dr-sammy-and-friends/id1383362738","0","Response","Response","{""matchedCompany"":""None found"",""evidenceUrl"":"""",""evidenceSnippet"":""""}","No explicit, publicly-available evidence was found to indicate that 180 Church (domain: 180church.cc) is a customer or partner of any of the listed companies. A comprehensive search was conducted on 180church.cc and relevant third-party vendor sites and directories, but no logo walls, case studies, testimonials, partner listings, or tech stack disclosures naming the specified vendors were identified."
"Abundant Living Faith Center","Adam Mesa","alfconline.com","https://www.linkedin.com/company/abundant-living-family-church","51-200 employees","Abundant Living Family Church exists to seek the lost, teach the found & send the disciples.","Response","Church","Not found","Not found","$10M - $25M","Charles Nieman",30000,"Non-denominational",3,"facebook.com/abundantlivingfamilychurch","The official Instagram profile for Abundant Living Family Church (Rancho) appears to be: https://www.instagram.com/patria.rancho/","9923","both","{""name"":""Apple Podcasts"",""url"":""https://podcasts.apple.com/us/podcast/charles-nieman-podcast/id96...","Apple Podcasts, Spotify, Youtube, Listennotes, Alfc Website, Alf Church Website, Alfc Online Website","Podcast Directory, Streaming Platform, Online Radio, Other","❌ No spend data found",,"https://podcasts.apple.com/ca/podcast/charles-nieman-podcast/id966705899","https://podcasts.apple.com/ca/podcast/charles-nieman-podcast/id966705899","0","Response","Response","{""matchedCompany"":""None found"",""evidenceUrl"":"""",""evidenceSnippet"":""""}","None found."
"Alan Wright Ministries","Alan Wright","pastoralan.org",,,,"Response","Media Ministry","Donations, Transactional, Subscription","Donations, Transactional, Subscription",,,,,,,"https://www.instagram.com/pastoralanwright/","1973","Radio","{""name"":""Apple Podcasts"",""url"":""https://podcasts.apple.com/us/podcast/alan-wright-ministries-dail...","Apple Podcasts, Iheart, Truth Network, Wtru, Wcru, Wdru, Kutr, Wles, Wtod, Wtkd, Wkhf, Wkvg, Wlxk, Youtube, Apple Podcasts, Google Podcasts, Awm App, Myfaithradio","Podcast Directory, Streaming Platform, Online Radio, Radio Station, Mobile App","❌ No spend data found",,"https://podcasts.apple.com/us/podcast/alan-wright-ministries-daily-radio-broadcast/id283922357","https://podcasts.apple.com/us/podcast/alan-wright-ministries-daily-radio-broadcast/id283922357","0","Response","Response","{""matchedCompany"":""None found"",""evidenceUrl"":"""",""evidenceSnippet"":""""}","Based on the available public information, no explicit customer relationships were found between Alan Wright Ministries and any of the specified companies: youversion.com, angel.com, bible.com, pushpay.com, pulpitai.com, christianpost.com, gloo.us, glorify.com, simplecast.com, abideomaha.org, sharefaith.com, faithwire.com, churchtechonline.com, cbndigital.com.tr, ytatv.com, churchtranslation.org, rightnowmedia.org, livevoice.io, cbn.com, emfmedia.com, salemmedia.com, daystar.com, tct.tv, bottradionetwork.com, afr.net, wrjz.com, ytatv.com, tbn.org."
"All Things Possible","Victor Marx","victormarx.com","https://www.linkedin.com/company/allthingspossible","11-50 employees","Our Vision: ATP Ministries is a faith-based organization that works globally to identify and restore victims of trauma from abuse and its damaging effects in order to free people from their suffering and interrupt the cycle of abuse for future generations.

Our Mission: ATP Ministries is a faith-based organization that works globally to set captives free- Physically, Emotionally, and Spiritually. 

Our Core Values: 
- Trauma is a reality that damages lives physically, emotionally, and spiritually. - Every human life is valued because we are created in the image of God, deserving of compassion and forgiveness, regardless of age, race, color, or religion. 
- We are Bible believing with our foundation built on Christ Jesus’ love and hope. 
- We recognize the impact of evil and darkness but believe that prayer is a powerful weapon that we integrate into every strategy, initiative, tactic, and relationship. 
- We will never give up because we have unwavering confidence in God’s plan and trust that He will open doors for us to walk through and will faithfully minister to those He directs us to.
 
We are called to spread the gospel of Jesus Christ and to set people free!

“The Spirit of the Lord is upon me,
    because he has anointed me
        to bring good news to the poor.
He has sent me to proclaim release to the captives
    and recovery of sight to the blind,
        to let the oppressed go free,
to proclaim the year of the Lord’s favor.""

Luke 4:18-19","Response","Nonprofit","Donations, Product sales","Donations, Product sales","$1M - $5M",,,,,"http://www.facebook.com/victormarx","https://www.instagram.com/reel/DDPjwxoPm2h/","275706251","Radio","{""name"":""Apple Podcasts"",""url"":""https://podcasts.apple.com/us/podcast/the-victor-marx-podcast/id1...","Apple Podcasts, Spotify, Youtube, Facebook, Acast","Podcast Directory, Streaming Platform, Other","❌ No spend data found",,"https://podcasts.apple.com/us/podcast/the-victor-marx-podcast/id1463343238","https://podcasts.apple.com/us/podcast/the-victor-marx-podcast/id1463343238","0.2","Response","Response","{""matchedCompany"":""None found"",""evidenceUrl"":"""",""evidenceSnippet"":""""}","All Things Possible (victormarx.com) was not found to be a customer or user of any of the specified companies based on public web presence and credible third-party pages. Despite thorough checks of primary and secondary sources, no explicit evidence, such as logo walls, case studies, testimonials, partner/customer lists, or press releases, was discovered on victormarx.com or the official pages of the listed companies to indicate such a relationship."
"Amazing Facts International","Doug Batchelor","amazingfacts.org","https://www.linkedin.com/company/amazing-facts","51-200 employees","For more than 45 years, Amazing Facts has been committed to proclaiming the three angels' messages of Revelation 14 and fulfilling the great commission of Jesus Christ.

Our many dynamic outreaches—television, radio, the Internet, publishing, and more—not only share the gospel and transform lives all around the globe, they also encourage, inspire, and equip others to help build up God's kingdom in these last days of earth's history.

Amazing Facts is dedicated to using every means possible to proclaim God's final message of hope and warning to the world. We encourage you to explore our many eye-opening videos available through YouTube. Each is filled with trustworthy, eye-opening information backed by Scripture— amazing Bible facts that will totally transform the way you think about God.","Response","Media Ministry","Donations, E-commerce/Transactional product sales, Program services/events","Donations, E-commerce/Transactional product sales, Program services/events","$5M - $10M",,,,,"http://www.facebook.com/amazingfacts","https://www.instagram.com/amazingfactsministry/","101000","Radio and TV","{""name"":""Amazing Facts Radio (AF Radio)"",""url"":""https://www.amazingfacts.org/listen/amazing-facts...","Amazing Facts Radio Af Radio, Af Radio Android, Af Radio Ios, Apple Podcasts, Spotify, Tunein, Youtube Amazing Facts International Channel, Feedburner Rss, Feedburner Rss, Feedburner Rss, Feedburner Rss, Feedburner Rss, Feedburner Rss, Feedburner Rss","Online Radio, Mobile App, Podcast Directory, Streaming Platform","❌ No spend data found",,"https://podcasts.apple.com/us/podcast/amazing-facts-with-doug-batchelor/id266112298","https://podcasts.apple.com/us/podcast/amazing-facts-with-doug-batchelor/id266112298","1","Response","Response","{""matchedCompany"":""daystar.com"",""evidenceUrl"":""https://daystar.com/doug-batchelor"",""evidenceSnipp...","Amazing Facts International is a broadcast partner and content provider for daystar.com and tbn.org. Amazing Facts TV programs are broadcast on networks including Daystar and Trinity Broadcasting Network (TBN). Both Daystar and TBN have dedicated program pages for 'Amazing Facts' that reference amazingfacts.org, confirming their relationship."
"American Association of Christian Counselors","Tim and Zach Clinton","aacc.net","https://www.linkedin.com/company/american-association-of-christian-counselors","51-200 employees","AACC is committed to assisting Christian counselors and the entire ‘community of care,’ licensed professionals, pastors, and caring church members with little or no formal training. It is our intention to equip clinical, pastoral, and lay care-givers with Biblical truth and psycho-social insights that ministers to hurting persons and helps them move to personal wholeness, interpersonal competence, mental stability, and spiritual maturity.","Response","Parachurch organization","Membership (Subscription), Transactional (Courses/Webinars/Events), Advertising/Sponsorship","Membership (Subscription), Transactional (Courses/Webinars/Events), Advertising/Sponsorship","$10M - $25M",,,,,"http://www.facebook.com/aaccofficial","The official Instagram profile for the American Association of Christian Counselors is https://www.instagram.com/theaacc_/","8153","Radio","{""name"":""AACC Website"",""url"":""https://aacc.net/"",""frequency"":null,""marketCity"":null,""channelType""...","Aacc Website, Aacc Website, Youtube, Youtube, Facebook, Spotify","Streaming Platform","❌ No spend data found",,"https://podcasts.apple.com/us/podcast/therapy-and-theology/id1641587501","https://podcasts.apple.com/us/podcast/therapy-and-theology/id1641587501","1.3","Response","Response","{""matchedCompany"":""bible.com"",""evidenceUrl"":""https://www.bible.com/reading-plans/19528-how-to-rec...","The American Association of Christian Counselors (AACC) is a customer of bible.com. This is evidenced by content authored by Tim Clinton, president of AACC, appearing on bible.com, where his affiliation with AACC is explicitly stated."
"Ark of Grace Ministries","Amanda Grace","arkofgrace.org",,,,"Response","Media Ministry","Donations/Contributions","Donations/Contributions",,,,,,,"https://www.instagram.com/reel/DR2Y57Vgryz/","275706251","Radio, TV","{""name"":""YouTube"",""url"":""https://www.youtube.com/c/ArkOfGraceMinistries"",""frequency"":null,""market...","Youtube, Bbs Radio, Apple Podcasts, Iheartradio, Spotify, Pandora, Wkto Radio, Charisma Podcast Network, Amazon Music, Pray Com","Streaming Platform, Online Radio, Podcast Directory, Radio Station","❌ No spend data found",,"https://podcasts.apple.com/us/podcast/prophetic-perspective-with-amanda-grace/id1660109186","https://podcasts.apple.com/us/podcast/prophetic-perspective-with-amanda-grace/id1660109186","0","Response","Response","{""matchedCompany"":""None found"",""evidenceUrl"":"""",""evidenceSnippet"":""""}","I searched Ark of Grace Ministries’ public website (arkofgrace.org) and conducted targeted web/vendor-site searches for explicit evidence that Ark of Grace Ministries (arkofgrace.org) is a customer/partner/user of any of the listed companies. No explicit evidence was found linking Ark of Grace Ministries to any of the companies in the provided list. The authoritative Ark of Grace Ministries “Ministry Partners” page lists multiple partners and recommended businesses, but none of the specified companies appear and there are no case studies, testimonials, logo walls, or press releases on arkofgrace.org that state a relationship with the listed vendors. I also ran broad web searches combining the exact phrase “Ark of Grace Ministries” (and arkofgrace.org) with each vendor brand name and searched vendor/customer directories and partner pages; these searches returned no pages that explicitly state Ark of Grace Ministries is a customer, partner, or user of any of the listed companies. Summary of steps taken: 1) Scraped arkofgrace.org primary pages: / (homepage), /ministry-partners, /about, /blog, /press to find any customer/partner statements, logo walls, case studies, testimonials, or documented tech usage. 2) Performed site-specific search queries on arkofgrace.org for ""case study"", (""customer"" OR ""client"" OR ""partner""), (""uses"" OR ""powered by"" OR ""integrates with""), and searched for each vendor brand (e.g., ""youversion"", ""pushpay"", ""tbn"", ""cbn"", etc.) using site:arkofgrace.org. 3) Performed vendor-site and broad web searches for combinations of ""Ark of Grace Ministries"" / arkofgrace.org with each vendor brand name and checked vendor partner/customer directories and press pages. 4) Compiled findings: arkofgrace.org/ministry-partners shows a list of ministry partners (many small businesses and affiliates), but none of the companies from the provided list. No explicit evidence found on vendor sites or third-party press pages linking Ark of Grace Ministries to any listed company. Conclusion: None of the companies in the provided list were found to have an explicit, documented customer/partner relationship with Ark of Grace Ministries (arkofgrace.org)."
"Armfield Group","Rob Pacienza","armfieldgroup.com","https://www.linkedin.com/company/armfield-group-inc","2-10 employees","Armfield Group is dedicated and qualified to help you make your business dreams a reality by being your professional business mentor. It is our passion and purpose to offer you wise counsel, strategic planning, discipline and resilience in realizing all of your dreams, both professional and personal.

To be successful, there is a specific course that must be followed. Stepping out to begin this process requires two characteristics: discipline and resilience. The most challenging aspect of this process, however, is that it is unique to the individual. Our business, our expertise and our passion is to help you find your strengths and fulfill your potential. We help build great leaders by strengthening the following skills: adaptability, discernment, perspective, communication, endurance and accountability. 

We love helping talented people get on track to fulfill their dreams.","Response","Agency","Professional services, Subscription/Retainer, One-time payment","Professional services, Subscription/Retainer, One-time payment","$5M - $10M",,,,,"http://www.facebook.com/pages/Armfield-Group/122551877770599","https://www.instagram.com/reel/DJ5iAl0tigF/","276000000","No radio or TV programming details available for Armfield Group","{""name"":""noResults"",""url"":null,""frequency"":null,""marketCity"":null,""channelType"":""other"",""showOrCh...","Noresults","Other","❌ No spend data found",,"Response","",,"Response",,"{""matchedCompany"":""None found"",""evidenceUrl"":"""",""evidenceSnippet"":""""}","None found."
"Awaken Church","Adam Smallcombe","awakenchurch.com","https://www.linkedin.com/company/c3-church-san-diego","51-200 employees","A family-focused and life-giving church with campuses in San Diego and Salt Lake City.","Response","Church","Donations/Contributions, Merchandise","Donations/Contributions, Merchandise","$10M - $25M","Brandon Bowers",,,13,"http://www.facebook.com/c3sandiego","https://www.instagram.com/awakenchurch_/","7016","Both","{""name"":""Apple Podcasts / iTunes"",""url"":""https://podcasts.apple.com/us/podcast/awaken-church-audi...","Apple Podcasts Itunes, Apple Podcasts Itunes Video, Podbean, C3cherish C3cherish Com, Spotify, Youtube, Awaken Church Live Watch Live, Awaken App","Podcast Directory, Other, Streaming Platform, Online Radio, Mobile App","✅ Spend data found for awakenchurch.com",598.5656444728374,"https://podcasts.apple.com/us/podcast/awaken-church-audio/id315281622","https://podcasts.apple.com/us/podcast/awaken-church-audio/id315281622","0","Response","Response","{""matchedCompany"":""None found"",""evidenceUrl"":"""",""evidenceSnippet"":""""}","Awaken Church is not found to be a customer of any of the specified companies (youversion.com, angel.com, bible.com, pushpay.com, pulpitai.com, christianpost.com, gloo.us, glorify.com, simplecast.com, abideomaha.org, sharefaith.com, faithwire.com, churchtechonline.com, cbndigital.com.tr, ytatv.com, churchtranslation.org, rightnowmedia.org, livevoice.io, cbn.com, emfmedia.com, salemmedia.com, daystar.com, tct.tv, bottradionetwork.com, afr.net, wrjz.com, tbn.org)."
"Awakened to Grace","Chad Roberts","awakenedtograce.com",,,,"Response","Media Ministry","Donations, Subscription, E-commerce","Donations, Subscription, E-commerce",,,,,,,,,"Both","{""name"":""Anchor"",""url"":""https://anchor.fm/awakenedtograceweekly"",""frequency"":null,""marketCity"":nu...","Anchor, Apple Podcasts, Oneplace Com, Pray Com, Youtube, Awakened To Grace Mobile App, 94 3 The Well, Smart Home Devices","Streaming Platform, Podcast Directory, Mobile App, Radio Station, Other","❌ No spend data found",,"https://podcasts.apple.com/us/podcast/awakened-to-grace/id1467527262","https://podcasts.apple.com/us/podcast/awakened-to-grace/id1467527262","0.8","Response","Response","{""matchedCompany"":""None found"",""evidenceUrl"":"""",""evidenceSnippet"":""""}","None found "" there is no publicly accessible, explicit evidence that Awakened to Grace (awakenedtograce.com) is a customer of any company from the provided list."
"Back to the Bible","Nat Crawford","backtothebible.org","https://www.linkedin.com/company/back-to-the-bible","11-50 employees","Join the Movement!  We are dedicated to bringing others closer to Jesus today than they were yesterday.  There is so much in this world that pulls us away from our relationship with Jesus.  Our spiritual fitness app, GoTandem, is designed to create a habit of daily bible engagement that is proven to transform lives.  Our research has revealed the Power of 4, that is, if a person engages the Bible 4 or more times per week, that person's life will look radically different than otherwise.   Please reach out if you'd like to connect, learn more and help others resist the darkness and engage the light!

We use digital media to share the Gospel message and help Christians grow to spiritual maturity through Bible teaching and engagement. Back to the Bible seeks to honor God, value people, champion the Bible, advance ministry, and promote and practice stewardship, as we accomplish our mission and purpose.

Back to the Bible is non-denominational, which simply means we are not affiliated with or supported by any specific church or denominational group. Our financial support is supplied by God through the generous gifts of listeners and ministry friends.","Response","Parachurch organization","Donations/Contributions, Transactional, Investment income","Donations/Contributions, Transactional, Investment income","$1M - $5M",,,,,"http://www.facebook.com/backtothebible","The official Instagram profile for Back to the Bible is https://www.instagram.com/backtothebible_us/.","9615","Radio","{""name"":""Apple Podcasts"",""url"":""https://podcasts.apple.com/us/podcast/back-to-the-bible-podcast/i...","Apple Podcasts, Libsyn, Spotify, Spotify, Youtube, Linktree, Mytuner Radio, Hitz 92 Fm, Ggfm 90 1, Love 101 Fm, The Voice 97 7 Fm","Podcast Directory, Streaming Platform, Other, Online Radio, Radio Station","❌ No spend data found",,"https://podcasts.apple.com/us/podcast/back-to-the-bible-podcast/id1677958842","https://podcasts.apple.com/us/podcast/back-to-the-bible-podcast/id1677958842","1.2","Response","Response","{""matchedCompany"":""bible.com"",""evidenceUrl"":""https://www.bible.com/organizations/6dcef9ec-5ac3-44...","Based on explicit, authoritative evidence, Back to the Bible (backtothebible.org) appears as an organization on Bible.com (YouVersion). Therefore the matched company from the provided list is: bible.com."
"BB World Evangelism","Brian Bolt","bbworldevangelism.com",,,,"Response","Church","Donations, Transactional","Donations, Transactional",,,,,,,,,"TV","{""name"":""FaithNOW"",""url"":""https://faithnow.com/programs/collection-1j4ryy3uhdw"",""frequency"":null,...","Faithnow, Faith Tv, Youtube, Apple Podcasts, Spotify, Givejam Media, Iheart","Streaming Platform, Podcast Directory","❌ No spend data found",,"https://podcasts.apple.com/ae/podcast/the-battle-between-your-ears-brian-bolt-on-the-mondo-show/i...","https://podcasts.apple.com/ae/podcast/the-battle-between-your-ears-brian-bolt-on-the-mondo-show/id1772364927?i=1000673036808","1","Response","Response","{""matchedCompany"":""None found"",""evidenceUrl"":"""",""evidenceSnippet"":""""}","No explicit evidence was found linking BB World Evangelism (bbworldevangelism.com) as a customer, user, or partner of any of the listed companies. The website indicates it is 'Powered by' GoDaddy/ChurchCenter for giving, but none of the target companies were identified as partners or technology providers. Therefore, no matches were found."
"BibleProject","BibleProject","bibleproject.com","https://www.linkedin.com/company/the-bible-project","51-200 employees","A crowdfunded animation and technology organization producing resources that explain the Bible.","Response","Media Ministry","Donations / Crowdfunding / Patronage, Grants / Foundation Funding, Product / Merchandise Sales","Donations / Crowdfunding / Patronage, Grants / Foundation Funding, Product / Merchandise Sales","$10M - $25M",,,,,"facebook.com/jointhebibleproject","https://www.instagram.com/thebibleproject/","1200000","No radio or TV programming details available for BibleProject","{""name"":""BibleProject Website"",""url"":""https://bibleproject.com/podcasts/shows/the-bible-project-p...","Bibleproject Website, App Store Ios, Google Play Android, Apple Podcasts, Spotify, Youtube, Amazon Music, Audible, Iheart","Podcast Directory, Mobile App, Streaming Platform","❌ No spend data found",,"https://podcasts.apple.com/us/podcast/bibleproject/id1050832450","https://podcasts.apple.com/us/podcast/bibleproject/id1050832450","0","Response","Response","{""matchedCompany"":""bible.com"",""evidenceUrl"":""https://www.bible.com/reading-plans/4820-bibleprojec...","BibleProject is a customer or user of bible.com (YouVersion/Bible App) and simplecast.com. Evidence shows The Bible Project provided a reading plan on Bible.com (YouVersion/Bible App). The Bible App/YouVersion (bible.com) hosts a BibleProject reading plan, demonstrating an explicit content partnership/use of the Bible App. BibleProject podcast pages on Simplecast include the explicit phrase ""Podcast powered by Simplecast,"" indicating use of Simplecast. No explicit, authoritative evidence was found linking BibleProject to any of the other companies on the list."
"Bible Training Centre for Pastors","Michele Jackson","thebibletrainingcenter.com",,,,"Response","Parachurch organization","Not found","Not found",,,,,,,,,"No radio or TV programming details available for Bible Training Centre for Pastors","{""name"":""YouTube"",""url"":""https://www.youtube.com/channel/UC8qMxRK6WGSnwgOUdywQ54A"",""frequency"":nu...","Youtube","Streaming Platform","❌ No spend data found",,"Response","",,"Response",,"{""matchedCompany"":""None found"",""evidenceUrl"":""N/A"",""evidenceSnippet"":""N/A""}","No customer relationships were found between Bible Training Centre for Pastors and any of the specified companies (youversion.com, angel.com, bible.com, pushpay.com, pulpitai.com, christianpost.com, gloo.us, glorify.com, simplecast.com, abideomaha.org, sharefaith.com, faithwire.com, churchtechonline.com, cbndigital.com.tr, ytatv.com, churchtranslation.org, rightnowmedia.org, livevoice.io, cbn.com, emfmedia.com, salemmedia.com, daystar.com, tct.tv, bottradionetwork.com, afr.net, wrjz.com, ytatv.com, tbn.org)."
"Bolz Ministries","Shawn Bolz","bolzministries.com","https://www.linkedin.com/company/bolz-ministries","2-10 employees","Bolz Ministries is a company based out of Los Angeles, CA, United States.","Response","Media Ministry","Donations, Transactional, Subscription","Donations, Transactional, Subscription","$0-$1M",,,,,"shawnbolz","https://www.instagram.com/tv/CWUTzMyJMnR/","275703599","TV, Radio","{""name"":""Spotify"",""url"":""https://open.spotify.com/show/3K3dkfVXHGB4Lq92diN00f"",""frequency"":null,""...","Spotify, Apple Podcasts, Libsyn, Youtube, Libsyn, Apple Podcasts, Spotify","Streaming Platform, Podcast Directory","❌ No spend data found",,"https://podcasts.apple.com/us/podcast/exploring-the-marketplace/id1315785245","https://podcasts.apple.com/us/podcast/exploring-the-marketplace/id1315785245","0","Response","Response","{""matchedCompany"":""None found"",""evidenceUrl"":"""",""evidenceSnippet"":""""}","I searched Bolz Ministries (bolzministries.com and courses.bolzministries.com) for explicit evidence that Bolz Ministries (domain bolzministries.com) is a customer or user of any company on the provided list. I also searched the listed companies’ domains and general web queries for explicit statements linking Bolz Ministries as a customer, partner, or listed client. Sources reviewed include Bolz Ministries site pages (partner letters, media pages, store, courses, give/payment pages) and vendor/home pages where applicable. I found explicit statements on Bolz Ministries’ site that the ministry has appeared on/been featured on media programs (example: TBN PRAISE show, CBN 700 Club and Faith Links, Daystar shows). These are media appearance statements, not explicit statements that Bolz Ministries is a customer, partner, or user of those vendor platforms in the sense required by the task. I did not find any explicit evidence (logo wall, case study, testimonial, partner/customer listing, vendor press release, or technology integration statement) on bolzministries.com or on the listed companies’ sites that states Bolz Ministries is a customer or user of any company in the provided list. Therefore, no customer relationships were found."
"Brave","Pastor Jeff Schwarzentraub","brave.org","https://www.linkedin.com/company/bravechurchdenver","51-200 employees","We exist to Challenging BRAVE Warriors for Courageous Kingdom Advancement.","Response","Church","Donations, Recurring donations/subscriptions","Donations, Recurring donations/subscriptions","$10M - $25M",,,,,"facebook.com/hbcdenver","https://www.instagram.com/thebravefoundation/","2767","Radio, TV","{""name"":""Spotify"",""url"":""https://open.spotify.com/show/034toK7WFPub3IDYnGsgRD"",""frequency"":null,""...","Spotify, Apple Podcasts, Youtube, Podbean, Myfaithradio, Brave Church Ios App Store, Brave Church Android Google Play, Brave Church Official Website Sermons Page, Brave Church Live Stream","Streaming Platform, Podcast Directory, Online Radio, Mobile App","❌ No spend data found",,"Response","",,"Response",,"{""matchedCompany"":""None found"",""evidenceUrl"":"""",""evidenceSnippet"":""""}","No explicit evidence was found that brave.org (the BRAVE Church site at brave.org) is a customer, partner, or otherwise a documented user of any of the companies in the provided list. No case study, testimonial, partner listing, press release, logo wall, or other explicit statement linking brave.org to any listed company was located on brave.org or on the listed companies’ public sites."
"BRAVE Church","Pastor Jeff Schwarzentraub","bravechurch.online","https://www.linkedin.com/company/bravechurchdenver","51-200 employees","We exist to Challenging BRAVE Warriors for Courageous Kingdom Advancement.","Response","Church","Donations","Donations","$10M - $25M","Ricky Hughes",,,3,"https://facebook.com/hbcdenver","https://www.instagram.com/bravechurch/","4843","Radio","{""name"":""Spotify"",""url"":""https://open.spotify.com/show/034toK7WFPub3IDYnGsgRD"",""frequency"":null,""...","Spotify, Apple Podcasts, Youtube, Myfaithradio","Streaming Platform, Podcast Directory, Radio Station","❌ No spend data found",,"https://podcasts.apple.com/us/podcast/brave-church/id996090554","https://podcasts.apple.com/us/podcast/brave-church/id996090554","1","Response","Response","{""matchedCompany"":""None found"",""evidenceUrl"":"""",""evidenceSnippet"":""""}","No explicit, public evidence was found that BRAVE Church (bravechurch.online) is a customer or user of any company in the provided list."
"Brown Missionary Baptist Church","Bartholomew Orr","brownbaptist.org","https://www.linkedin.com/company/brown-missionary-baptist-church","51-200 employees","Brown is committed to Changing Lives and Making A Difference while creating a community that loves God and people above all else.","Response","Church","Donations (one-time & recurring), Planned/major gifts (stocks, bonds, property), Retail sales (bo...","Donations (one-time & recurring), Planned/major gifts (stocks, bonds, property), Retail sales (bookstore/merchandise/marketplace), Fundraising / Event fees, Service fees (e.g., funerals/facility use)","$10M - $25M","Dr. Bartholomew Orr",,"Baptist",3,"http://www.facebook.com/pages/Brown-Missionary-Baptist-Church/85483198949","https://www.instagram.com/brownbaptist/","17500","TV","{""name"":""Apple Podcasts"",""url"":""https://podcasts.apple.com/us/podcast/make-it-make-sense/id179439...","Apple Podcasts, Youtube, Brown Missionary Baptist Church Website, Brown Missionary Baptist Church Website, Bmbc App, Facebook, Instagram","Podcast Directory, Streaming Platform, Mobile App, Other","❌ No spend data found",,"https://podcasts.apple.com/us/podcast/make-it-make-sense/id1794396196","https://podcasts.apple.com/us/podcast/make-it-make-sense/id1794396196","1.8","Response","Response","{""matchedCompany"":""None found"",""evidenceUrl"":"""",""evidenceSnippet"":""""}","No customer relationships were found between Brown Missionary Baptist Church and the specified companies."
"Calvary Chapel","Rick Wiles","calvarybrentwood.org","https://www.linkedin.com/company/calvary-chapel-brentwood","2-10 employees","Here at Calvary Chapel Brentwood we take the Bible literally; simply teaching The Word simply.  Each message is taken directly from the Bible and taught scripture by scripture, verse by verse so that all can understand what God is saying to us, and apply it to a normal, everyday life. “Rejoice always” may seem unobtainable, but according to God’s Word, that is His Will, this is exactly what He wants us to strive for in this life. God’s Word is powerful and alive. So, regardless of our own trials and celebrations, He is speaking directly to each one of us according to our need at that moment in time.

Jesus Christ invites everyone to follow Him, reminding us that He is our shepherd and will never leave us or abandon us. As the apostle Peter stepped out from the security of the boat, Jesus stretched out His loving hand and saved him from sinking – just as He rescues us every day when we loose our focus.

Calvary Chapel Brentwood encourages a full time, personal relationship with Jesus Christ that produces a positive change in lifestyle experiences.  We also promote fellowship with our brothers and sisters for accountability that builds us up to spread the Gospel and bring others to Jesus Christ. God sent His Son to be the Savior of the World, and it is our responsibility to be witnesses, spreading the Agape love of Jesus Christ to everyone. It is God’s Will that none be lost and all come to repentance. We must turn away from sin, so we may obtain a positive change in lifestyle.","Response","Church","Donations (tithes/offerings/online giving)","Donations (tithes/offerings/online giving)","$5M - $10M","Rob Taylor",,"Non-Denominational",1,"http://www.facebook.com/CalvaryBrentwood","https://www.instagram.com/calvarybrentwood/","1004","both","{""name"":""Apple Podcasts"",""url"":""https://podcasts.apple.com/us/podcast/calvary-chapel-brentwood/id...","Apple Podcasts, Spotify, Youtube","Podcast Directory, Streaming Platform","❌ No spend data found",,"https://podcasts.apple.com/us/podcast/calvary-chapel-brentwood/id1451313674","https://podcasts.apple.com/us/podcast/calvary-chapel-brentwood/id1451313674","0","Response","Response","{""matchedCompany"":""None found"",""evidenceUrl"":"""",""evidenceSnippet"":""""}","Based on the searches and site scrapes, there is no explicit publicly-available evidence that Calvary Chapel (calvarybrentwood.org) is a customer or user of any of the companies in the provided list. Therefore, the extraction result is: ""None found""."
"Calvary Chapel Chino Hills","James Kaddis","calvarycch.org","https://www.linkedin.com/company/calvary-chapel-chino-hills","11-50 employees","Calvary Chapel Chino Hills is a non-profit religion church.","Response","Church","Donations (one-time and recurring/tithes), Merchandise/Product Sales, Event Registration Fees, Gi...","Donations (one-time and recurring/tithes), Merchandise/Product Sales, Event Registration Fees, Gifts/Asset Donations","$1M - $5M","Jack Hibbs",10000,"Non-Denominational",1,"https://facebook.com/calvarychapelchinohills","The official Instagram profile for Calvary Chapel Chino Hills is: https://www.instagram.com/calvarychapelchinohills/","83200","TV","{""name"":""Calvary Chapel Chino Hills Website"",""url"":""https://calvarycch.org"",""frequency"":null,""mar...","Calvary Chapel Chino Hills Website, Apple Podcasts, Youtube, Spotify, Ccch Mobile App Ios, Ccch Mobile App Google Play, Ccch Mobile App Amazon Appstore, Ccch Mobile App Roku, Tunein, Tunein, Amazon Music, Amazon Music, Iheartradio, Iheartradio, Jackhibbs Com, Oneplace, Jack Hibbs Podcast Website","Other, Podcast Directory, Streaming Platform, Mobile App, Online Radio","❌ No spend data found",,"https://podcasts.apple.com/us/podcast/calvary-chapel-chino-hills/id75112144","https://podcasts.apple.com/us/podcast/calvary-chapel-chino-hills/id75112144","2.7","Response","Response","{""matchedCompany"":""pushpay.com"",""evidenceUrl"":""https://calvarycch.org/give/"",""evidenceSnippet"":""[...","Calvary Chapel Chino Hills uses pushpay.com as a provider. This relationship is evidenced by the church's 'Give' page, which links directly to a Pushpay hosted giving page that displays the church's name."
"Calvary Church","Skip Heitzig","calvarynm.church","https://www.linkedin.com/company/sopo-roasting-&-brewing-company",,,"Response","Church","Donations, Grants, Facility Rental, Program Fees","Donations, Grants, Facility Rental, Program Fees","$10M - $25M",,,,,"http://www.facebook.com/calvaryabq","https://www.instagram.com/skipheitzig/","40300","Radio, TV","{""name"":""Calvary Live"",""url"":""https://live.calvarynm.church/"",""frequency"":null,""marketCity"":null,...","Calvary Live, Youtube, Calvary Church Ios, Calvary Church Android, Apple Podcasts, Spotify, Apple Podcasts, Spotify, Tunein, Stitcher, Radiopublic, Iheartradio, Truthnetwork On Demand, Blubrry, Kwave, Csn Radio, 990 Am The Word, The Light Fm","Streaming Platform, Mobile App, Podcast Directory, Radio Station","✅ Spend data found for calvarynm.church",2.7059900760650635,"https://itunes.apple.com/podcast/calvary-albuquerque-skip-heitzig/id73331413?mt=2","https://itunes.apple.com/podcast/calvary-albuquerque-skip-heitzig/id73331413?mt=2","0.5","Response","Response","{""matchedCompany"":""pushpay.com"",""evidenceUrl"":""https://calvarynm.church/give/"",""evidenceSnippet"":...","Calvary Church (calvarynm.church) is explicitly associated with pushpay.com and bible.com. No other matches from the provided list were found in the searched authoritative pages."
"Calvary Church of Albuquerque","Skip Heitzig","calvaryabq.org","https://www.linkedin.com/company/calvary-chapel-of-albuquerque","51-200 employees","Everything we do is about creating life change and we want to build and provide opportunities for change in every realm of life: spiritually, relationally, professionally, and emotionally. We want to see people give their lives to Jesus Christ and become better husbands and wives, mothers and fathers, and employees and business owners. A relationship with Jesus makes life better—and it makes you better at life.","Response","Church","Donations (tithes/offerings), Facility rental / venue rental and event fees (transactional), Prog...","Donations (tithes/offerings), Facility rental / venue rental and event fees (transactional), Program/event fees, Parking/facility-use fees, Grants (including possible government relief or designated grants)","$10M - $25M","Skip Heitzig",16830,"Non-Denominational",3,"http://www.facebook.com/calvaryabq","https://www.instagram.com/reel/DKXmfHuvtIc/","275000000","Radio, TV","{""name"":""YouTube"",""url"":""https://www.youtube.com/calvaryabq"",""frequency"":null,""marketCity"":null,""...","Youtube, Apple Podcasts, Spotify, Google Podcasts, Tunein, Feedburner","Streaming Platform, Podcast Directory, Online Radio, Other","❌ No spend data found",,"https://podcasts.apple.com/us/podcast/calvary-church-with-skip-heitzig-audio-podcast/id73331413","https://podcasts.apple.com/us/podcast/calvary-church-with-skip-heitzig-audio-podcast/id73331413","0","Response","Response","{""matchedCompany"":""bible.com"",""evidenceUrl"":""https://www.bible.com/sw/organizations/163c1aef-bfeb...","Calvary Church of Albuquerque is a customer of bible.com. Evidence shows Calvary Church (Calvary Albuquerque / Calvary Church in NM) has content and event listings on Bible.com (YouVersion), indicating the church uses Bible.com/YouVersion services. No explicit, authoritative evidence was found linking Calvary Church of Albuquerque (calvaryabq.org / calvarynm.church) to any other companies in the provided list."
"Cascade Hills Church","Brent Purvis","cascadehills.com","https://www.linkedin.com/company/cascade-hills-baptist-church-inc","11-50 employees","From humble beginnings to a church now reaching people for Christ around the globe, the mission of Cascade Hills has remained consistent. “To make fully devoted followers of Jesus Christ out of irreligious people"". We are THE CHURCH FOR THE UNCHURCHED.","Response","Church","Donations/Offerings, Retail Sales, Transactional Sales","Donations/Offerings, Retail Sales, Transactional Sales","$1M - $5M",,7000,"Non-Denominational",2,"http://www.facebook.com/CascadeHills","https://www.instagram.com/cascadehillschurch/","10300","TV","{""name"":""Apple Podcasts"",""url"":""https://podcasts.apple.com/us/podcast/cascade-hills/id1112784716""...","Apple Podcasts, Spotify, Spotify, Youtube, Facebook, Cascade Hills App, Cascade Hills App, Cascade Hills App, Roku, Apple Tv","Podcast Directory, Streaming Platform, Mobile App, Other","❌ No spend data found",,"https://podcasts.apple.com/us/podcast/cascade-hills/id1112784716","https://podcasts.apple.com/us/podcast/cascade-hills/id1112784716","0","Response","Response","{""matchedCompany"":""None found"",""evidenceUrl"":"""",""evidenceSnippet"":""""}","No explicit, authoritative public evidence was found that Cascade Hills Church (cascadehills.com) is a customer or user of any of the companies in the provided list."
"Cathedral of Faith","Pastor Ken Foreman","cathedraloffaith.org","https://www.linkedin.com/company/cathedral-of-faith","201-500 employees","CATHEDRAL OF FAITH

We are located in the heart of Silicon Valley. We are a multi-cultural, multi-generational, multi-sensory, non-denominational Church that has grown in every decade since the 1960’s. In 2013, we have a total of 7 other sites in the Bay area. Outreach Magazine listed Cathedral of Faith as on the top 100 Churches in the Nation.","Response","Church","Donations (Tithes/Offerings), Merchandise Sales, Event Ticketing/Fundraising","Donations (Tithes/Offerings), Merchandise Sales, Event Ticketing/Fundraising","$5M - $10M","Ken Foreman",8200,"Non-Denominational",11,"http://www.facebook.com/COFpage","https://www.instagram.com/cathedraloffaith/","5598","TV","{""name"":""Apple Podcasts"",""url"":""https://podcasts.apple.com/us/podcast/cathedral-of-faith/id135425...","Apple Podcasts, Podbean, Spotify, Youtube, Cathedral Of Faith App Ios, Cathedral Of Faith App Android, Cathedral Of Faith Live Stream, Google Play Music, Vimeo","Podcast Directory, Streaming Platform, Mobile App, Online Radio","❌ No spend data found",,"https://podcasts.apple.com/us/podcast/cathedral-of-faith/id1354251296","https://podcasts.apple.com/us/podcast/cathedral-of-faith/id1354251296","0","Response","Response","{""matchedCompany"":""pushpay.com"",""evidenceUrl"":""https://cathedraloffaith.org/"",""evidenceSnippet"":""...","Match found: pushpay.com. Evidence shows cathedraloffaith.org links to Pushpay for its app/giving. No other companies from the provided list were found to have an explicit, authoritative association with Cathedral of Faith (domain cathedraloffaith.org) after searching the target site and credible third-party sources. I also found a Bible.com entry for ""Cathedral of Faith Philippines"" (a separate organization) which is not the cathedraloffaith.org entity and therefore not counted."
"Champion Forest Baptist Church","Jarrett Stephens","championforest.org","https://www.linkedin.com/company/champion-baptist-church","2-10 employees","Champion Baptist Church is a religious institutions company based out of 556 Center St W, Warren, Ohio, United States.","Response","Church","Donations (one-time and recurring), Non-cash contributions","Donations (one-time and recurring), Non-cash contributions","$0-$1M","Jarrett Stephens",8000,"Southern Baptist",4,"http://www.facebook.com/championforest","https://www.instagram.com/championforest/","10600","Radio, TV","{""name"":""Apple Podcasts"",""url"":""https://podcasts.apple.com/us/podcast/champion-forest-baptist-chu...","Apple Podcasts, Spotify, Apple Podcasts, Spotify, Apple Podcasts, Spotify, Youtube, Apple Podcasts, Spotify, Youtube, Apple Podcasts, Youtube, Champion Forest Baptist Church Website","Podcast Directory, Streaming Platform, Other","❌ No spend data found",,"https://podcasts.apple.com/us/podcast/champion-forest-baptist-church-sunday-worship/id90214613","https://podcasts.apple.com/us/podcast/champion-forest-baptist-church-sunday-worship/id90214613","0","Response","Response","{""matchedCompany"":""pushpay.com"",""evidenceUrl"":""https://www.championforest.org/serve/giving/"",""evi...","Champion Forest Baptist Church is explicitly associated with pushpay.com and rightnowmedia.org based on the evidence below."
"Charlie Kirk","Charlie Kirk","charliekirk.com",,,,"Response","Media Channel","Subscription, Transactional, Donations, Advertising/Sponsorship, Events/Ticket sales","Subscription, Transactional, Donations, Advertising/Sponsorship, Events/Ticket sales","$5M - $10M",,,,,,"https://www.instagram.com/charliekirk1776/","13900000","Radio and TV","{""name"":""Apple Podcasts"",""url"":""https://podcasts.apple.com/us/podcast/the-charlie-kirk-show/id146...","Apple Podcasts, Spotify, Amazon Music, Iheartradio, Audacy, Salem Podcast Network, Salem Radio Network, Salem News Channel, Am 870 The Answer, Wfmd, Wbob","Podcast Directory, Streaming Platform, Radio Station, Other","❌ No spend data found",,"https://podcasts.apple.com/us/podcast/the-charlie-kirk-show/id1460600818","https://podcasts.apple.com/us/podcast/the-charlie-kirk-show/id1460600818","0","Response","Response","{""matchedCompany"":""None found"",""evidenceUrl"":"""",""evidenceSnippet"":""""}","I searched the Charlie Kirk site (charliekirk.com) and performed targeted site searches and vendor-site checks for explicit evidence that Charlie Kirk (charliekirk.com) is a customer/user of any of the listed companies. I found no explicit evidence that Charlie Kirk is a customer or user of any company in the provided list. The only vendor-domain appearance on Charlie Kirk’s site was a sponsor link to angel.com (angel.com/charlie) on the Show Sponsors page; this indicates a sponsorship/advertiser relationship (angel.com listed as a sponsor on Charlie Kirk’s site) but does not provide explicit evidence that Charlie Kirk is a customer of angel.com. Therefore, per the requirement to only record explicit customer relationships (case studies, customer lists, testimonials, vendor directories, press releases stating Charlie Kirk uses the vendor), no matches were found."
"Christian Aid Mission","Christian Aid Mission","christianaid.org","https://www.linkedin.com/company/christian-aid-mission","11-50 employees","Founded in 1953, Christian Aid Mission seeks to establish a witness for Christ in every nation by assisting indigenous ministries in lands of poverty, where Christians are a persecuted minority, and where foreign missionaries are not allowed.

We evaluate every indigenous ministry we assist to verify their faith, financial integrity, and fruitfulness. Then we help them sustain and grow their work by making their needs known to believers in developing nations who supply them with prayer and financial support.

The ministries we assist are fully independent and not affiliates of Christian Aid Mission. They are led by evangelical Christians who live and work inside of their own countries.

Christian Aid Mission works with hundreds of indigenous ministries that share the gospel of Christ with more than 2,000 unreached people groups in eight regions of the world: Africa, China, Europe, former Soviet Union, Latin America, Middle East, South Asia, Southeast Asia.","Response","Parachurch organization","Donations, Institutional grants (grants/contracts), Trading/other income, Investment income","Donations, Institutional grants (grants/contracts), Trading/other income, Investment income","$1M - $5M",,,,,"christianaid53","https://www.instagram.com/christianaid53/","1947","Radio and TV","{""name"":""Christian Aid Mission website (Podcast pages)"",""url"":""https://www.christianaid.org/podca...","Christian Aid Mission Website Podcast Pages, Spotify, Spotify, Youtube","Other, Streaming Platform","❌ No spend data found",,"https://podcasts.apple.com/us/podcast/evidence-for-development/id1643154909","https://podcasts.apple.com/us/podcast/evidence-for-development/id1643154909","0","Response","Response","{""matchedCompany"":""None found"",""evidenceUrl"":"""",""evidenceSnippet"":""""}","None found."
"Christian Broadcasting Network","Chris Mitchell","cbn.com","https://www.linkedin.com/company/cbn","1,001-5,000 employees","CBN is a global nonprofit ministry demonstrating the love of God and sharing the Gospel of Jesus Christ through media evangelism and humanitarian aid.","Response","Media Ministry","Donations, Advertising, Royalties/Licensing, Sales (Merchandise), Investment/Other income","Donations, Advertising, Royalties/Licensing, Sales (Merchandise), Investment/Other income","$500M - $1B",,,,,"cbnonline","https://www.instagram.com/cbnnews/","208000","Both","{""name"":""YouTube"",""url"":""https://www.youtube.com/@ChristianBroadcastingNetwork"",""frequency"":null,...","Youtube, Apple Podcasts, Spotify, Spotify, Cbn Radio Web Online Stations, Cbn Radio Player Web, Cbn Praise, Cbn Contemporary, Cbn Selah, Cbn Classic Hits, Superbook Radio, Cross Country, Cross Country Christmas, The Christmas Station, Fiesta Hoy, Cbn Gospel, Cbn Southern Gospel, Cbn News Radio Stream, Cbn Podcasts Landing Page, Cbn Radio Ios, Cbn Radio Android, Cbn Family Ios, Cbn Family Android, Cbn News Ios, Cbn Family Roku Channel","Streaming Platform, Podcast Directory, Online Radio, Other, Mobile App","✅ Spend data found for cbn.com",4623.921988948714,"https://podcasts.apple.com/us/podcast/cbn-com-700-club-interactive-video-podcast/id1586166039","https://podcasts.apple.com/us/podcast/cbn-com-700-club-interactive-video-podcast/id1586166039","0.8","Response","Response","{""matchedCompany"":""None found"",""evidenceUrl"":"""",""evidenceSnippet"":""""}","No explicit evidence was found to confirm that Christian Broadcasting Network (cbn.com) is a customer or user of any of the provided companies. Therefore, the conclusion is 'None found'."
"Christian Care Ministry","Evelio Silvera","tccm.org","https://www.linkedin.com/company/christian-care-ministry","501-1,000 employees","Christian Care Ministry (CCM) is a non-profit that administers Medi-Share, a healthcare sharing program where Christians come together to share each other’s medical bills. CCM employs more than 600 individuals in Melbourne, FL, Orlando, FL, and remotely throughout the United States.","Response","Nonprofit","Not found","Not found","$100M - $250M",,,,,"facebook.com/mychristiancare","https://www.instagram.com/medi_share/","4","Radio","{""name"":""Apple Podcasts"",""url"":""https://podcasts.apple.com/us/podcast/this-is-medi-share/id154192...","Apple Podcasts, Spotify, Youtube, Youtube","Podcast Directory, Streaming Platform","❌ No spend data found",,"https://podcasts.apple.com/us/podcast/this-is-medi-share/id1541926215","https://podcasts.apple.com/us/podcast/this-is-medi-share/id1541926215","0","Response","Response","{""matchedCompany"":""None found"",""evidenceUrl"":"""",""evidenceSnippet"":""""}","No explicit evidence was found that Christian Care Ministry (domain tccm.org / mychristiancare.org) is a customer, user, or partner of any of the companies on the provided list. Therefore, the output for the objective is: None found."
"Christian Crusaders","Tim Boettger and Matt Reisetter","christiancrusaders.org",,,,"Response","Media Ministry","Donations, Investment income, Sales of assets","Donations, Investment income, Sales of assets",,,,,,,,,"Radio","{""name"":""WMT"",""url"":null,""frequency"":""600 AM"",""marketCity"":""Cedar Rapids"",""channelType"":""radioSta...","Wmt, Who, Kwmt, Kglo, Kxel, Wnax, Wtmj, Whri Angel 2, Imani Radio, Christian Crusaders Website, Christian Crusaders Website, Youtube, Apple Podcasts, Apple Podcasts, Tunein","Radio Station, Podcast Directory, Streaming Platform, Online Radio","❌ No spend data found",,"https://podcasts.apple.com/ie/podcast/the-cc-broadcast/id1513403321","https://podcasts.apple.com/ie/podcast/the-cc-broadcast/id1513403321","0","Response","Response","{""matchedCompany"":""None found"",""evidenceUrl"":""https://christiancrusaders.org/"",""evidenceSnippet"":...","No customer relationships were found between Christian Crusaders and the specified list of companies."
"Christian Cultural Center","AR Bernard","cccinfo.org","https://www.linkedin.com/company/christian-cultural-center","51-200 employees","New York City is a cosmopolitan city that 8.2 million people call home. Known for its institutions of politics, finance, fashion and media, it is also one of the most religiously diverse cities in the world. Within that diversity, from small storefronts to large mega ministries, over 7600 churches are engaged in Christian ministry throughout the five boroughs. 

Christian Cultural Center sits on an 11.5 acre campus in the borough of Brooklyn. Thousands of parishioners and visitors come every week and enjoy a dynamic worship and spiritual growth experience, through our worship services, facilities and programs.

Welcome to a unique experience in Christian Ministry. Our website seeks to share some of that experience with you. Through CCCTV we are working on bringing you news, insights, testimonies, videos about CCC and Christian Ministry in NYC and around the world.","Response","Church","Donations/Charitable contributions, Transactional sales","Donations/Charitable contributions, Transactional sales","$10M - $25M","A. R. Bernard",40000,"Non-denominational Christianity",4,"http://www.facebook.com/cccinfoorg","https://www.instagram.com/cccinfoorg/","20100","No radio or TV programming details available for Christian Cultural Center","{""name"":""YouTube"",""url"":""https://www.youtube.com/@cccinfo"",""frequency"":null,""marketCity"":null,""ch...","Youtube, Facebook Live, Cccinfoorg App Ios, Cccinfoorg App Android, Apple Podcasts, Tunein, Iheart","Streaming Platform, Mobile App, Podcast Directory, Online Radio","❌ No spend data found",,"https://podcasts.apple.com/us/podcast/christian-cultural-center-podcast/id1814870474","https://podcasts.apple.com/us/podcast/christian-cultural-center-podcast/id1814870474","0","Response","Response","{""matchedCompany"":""pushpay.com"",""evidenceUrl"":""https://play.google.com/store/apps/details?id=io.p...","Christian Cultural Center is a customer/user of pushpay.com. This is evidenced by the CCC giving page linking to a Google Play app with the package ID 'io.pushpay.christianculturalcenter', and both the Google Play and Apple App Store pages for the CCC mobile app referencing Pushpay's privacy policy (pushpay.com/legal-center/privacy/). No explicit evidence was found for any other companies from the provided list."
"Christian Cultural Center","AR Bernard","arbernard.com","https://www.linkedin.com/company/arbmedia","2-10 employees","A faith based media company focused on content that meets at the intersection of Faith and culture.","Response","Church","Transactional, Subscription","Transactional, Subscription","$5M - $10M",,,,,,"https://www.instagram.com/therealarbernard/","115000","Radio, TV","{""name"":""Apple Podcasts"",""url"":""https://podcasts.apple.com/us/podcast/a-r-bernard-podcasts/id4147...","Apple Podcasts, Spotify, Youtube, Apple Podcasts, Youtube, Facebook","Podcast Directory, Streaming Platform","❌ No spend data found",,"https://podcasts.apple.com/us/podcast/christian-cultural-center-podcast/id1814870474","https://podcasts.apple.com/us/podcast/christian-cultural-center-podcast/id1814870474","0","Response","Response","{""matchedCompany"":""bible.com"",""evidenceUrl"":""https://www.bible.com/reading-plans/62789-the-minist...","Christian Cultural Center is a customer of bible.com. This is supported by a Bible.com reading plan page authored by Rev. A. R. Bernard, who is identified as the Founder of Christian Cultural Center and whose website arbernard.com is linked on the page. No explicit evidence was found for any other listed companies."
"Christians Engaged","Christians Engaged","christiansengaged.org","https://www.linkedin.com/company/christians-engaged",,,"Response","Parachurch organization","Recurring donations/membership, One-time transactional revenue, Major donor/foundation grants and...","Recurring donations/membership, One-time transactional revenue, Major donor/foundation grants and large gifts","$1M to $10M",,,,,"http://www.facebook.com/ChristiansEngaged","https://www.instagram.com/christiansengaged/","3527","Radio, TV","{""name"":""Apple Podcasts"",""url"":""https://podcasts.apple.com/us/podcast/conversations-with-christia...","Apple Podcasts, Spotify, Youtube, Youtube, Youtube, Rumble, Edifi, Edifi App Ios, The Stream","Podcast Directory, Streaming Platform, Mobile App","❌ No spend data found",,"https://podcasts.apple.com/us/podcast/conversations-with-christians-engaged-hosted-by-bunni/id151...","https://podcasts.apple.com/us/podcast/conversations-with-christians-engaged-hosted-by-bunni/id1519449796","0.7","Response","Response","{""matchedCompany"":""christianpost.com"",""evidenceUrl"":""https://christiansengaged.org/conversationsp...","I found one explicit match: christianpost.com. No other companies from the provided list were explicitly linked to Christians Engaged in the reviewed sources."
"Churches of Christ","Billy Lambert","gettingtoknowyourbible.com",,,,"Response","Media Ministry","Donations","Donations","$5M - $10M",,,,,,,,"Radio and TV","{""name"":""Apple Podcasts"",""url"":""https://podcasts.apple.com/us/podcast/getting-to-know-your-bible/...","Apple Podcasts, Spotify, Youtube, Bbsradio, Iheart, Pray Com","Podcast Directory, Streaming Platform, Online Radio","❌ No spend data found",,"https://podcasts.apple.com/us/podcast/getting-to-know-your-bible/id1495984899","https://podcasts.apple.com/us/podcast/getting-to-know-your-bible/id1495984899","1","Response","Response","{""matchedCompany"":""None found"",""evidenceUrl"":"""",""evidenceSnippet"":""""}","None found"
"Church of the King","Steve Robinson","churchoftheking.com","https://www.linkedin.com/company/church-of-the-king","51-200 employees","Church of The King is a non-denominational church in Mandeville, LA. Our vision is to ""Reach People and Build Lives"".","Response","Church","Donations, Subscription, E-commerce, Transactional","Donations, Subscription, E-commerce, Transactional","$5M - $10M","Steve Robinson",,,6,"churchoftheking","https://www.instagram.com/churchoftheking/","14900","TV","{""name"":""Church Online"",""url"":""https://online.churchoftheking.com"",""frequency"":null,""marketCity"":...","Church Online, Facebook Live, Youtube, Apple Podcasts","Online Radio, Streaming Platform, Podcast Directory","❌ No spend data found",,"https://podcasts.apple.com/us/podcast/church-of-the-king/id174722347","https://podcasts.apple.com/us/podcast/church-of-the-king/id174722347","0.7","Response","Response","{""matchedCompany"":""pushpay.com"",""evidenceUrl"":""https://churchoftheking.com/give"",""evidenceSnippet...","Church of the King is a customer/user of pushpay.com. No explicit evidence was found linking Church of the King (churchoftheking.com) to any other companies in the provided list."
"CityReach Church","Brian Bolt","cr.city","https://www.linkedin.com/company/cityreach-church-whittier",,,"Response","Church","Donations, Events/Registrations","Donations, Events/Registrations",,,,,,,"https://www.instagram.com/cityreachchurch/","5778","TV","{""name"":""Spotify"",""url"":""https://open.spotify.com/show/1FvIyWasGTrKaoiPuLI0Zb"",""frequency"":null,""...","Spotify, Apple Podcasts, Youtube, Cityreach Church Online","Streaming Platform, Podcast Directory, Online Radio","❌ No spend data found",,"https://podcasts.apple.com/us/podcast/cityreach-church/id1387843022","https://podcasts.apple.com/us/podcast/cityreach-church/id1387843022","1","Response","Response","{""matchedCompany"":""None found"",""evidenceUrl"":"""",""evidenceSnippet"":""""}","I searched the target domain cr.city (home page, /connect and other standard pages) and ran site:cr.city and vendor-site searches for each company in the provided list. I also searched the listed companies’ sites for explicit references to CityReach Church or cr.city. No explicit evidence (case study, customer listing, testimonial, partner directory, press release, logo wall, or documented tech usage) was found that associates CityReach Church at the domain cr.city with any of the companies in the provided list. I did find other City Reach Church websites (for example cityreachchurch.com) that reference Pushpay (app links), but those are on different domains and are not authoritative evidence tying cr.city to the vendor list. Based on the explicit-source search and the requirement to only extract explicit statements, the result is: None found."
"Clearview Church","Dr. Abidan Shah","clearviewbc.org","https://www.linkedin.com/company/clearview-church-henderson-nc","2-10 employees","Welcome to Clearview! We are a church that is committed to reaching Vance, Granville, Warren, and Franklin counties with the gospel of Jesus Christ. In everything we do, we strive to make Christ visible to a watching world. Come join us this Sunday! You'll be glad you did. We love the Lord and want to create an atmosphere that inspires others to do the same. You'll find that from the music to the preaching, everything that we do is to make Christ visible. Our focus isn't on what you wear or how much you know, but instead on the gospel and it's impact on our lives. You'll find an atmosphere that is comfortable and inviting, allowing you to relax and focus on the truth of God's Word.","Response","Church","Donations/Contributions","Donations/Contributions","$5M - $10M","Abidan Paul Shah",,"Southern Baptist Convention",1,,"https://www.instagram.com/clearviewchurchnc/","783","Radio","{""name"":""Apple Podcasts"",""url"":""https://podcasts.apple.com/us/podcast/carpe-ma%C3%B1ana/id1424386...","Apple Podcasts, Spotify, Apple Podcasts, Apple Podcasts, Youtube, Buzzsprout, Wdwg Fm","Podcast Directory, Streaming Platform, Radio Station","❌ No spend data found",,"https://podcasts.apple.com/us/podcast/clearview-community-church-podcast/id1282071236","https://podcasts.apple.com/us/podcast/clearview-community-church-podcast/id1282071236","0","Response","Response","{""matchedCompany"":""None found"",""evidenceUrl"":"""",""evidenceSnippet"":""""}","No explicit evidence was found on clearviewbc.org or on the vendors’ public customer/partner pages that Clearview Church (clearviewbc.org) is a customer or user of any company in the provided list. I located evidence that the clearviewbc.org site is powered by SnapPages and links to a Subsplash app (showing usage of other platforms), and I found other, differently-named Clearview churches (different domains) that do show relationships with some vendors (e.g., YouVersion, RightNow Media) — these are different organizations and therefore not matches to clearviewbc.org. Conclusion/Answer: None found."
"Connect with Skip","Skip Heitzig","connectwithskip.com",,,,"Response","Media Ministry","Donations, One-time product sales, Subscription (recurring donations)","Donations, One-time product sales, Subscription (recurring donations)","$5M - $10M",,,,,,,,"Both","{""name"":""Apple Podcasts"",""url"":""https://podcasts.apple.com/us/podcast/connect-with-skip-heitzig-p...","Apple Podcasts, Spotify, Youtube, Stitcher, Google Podcasts Feed, Blubrry, Radiopublic, Iheartradio, Tunein, Connect With Skip Heitzig App Ios, Connect With Skip Heitzig App Android, Kwve Fm, Csn International, Truth Network, The Light Fm, 94 7 Fm The Word Krks","Podcast Directory, Streaming Platform, Online Radio, Mobile App, Radio Station","❌ No spend data found",,"https://podcasts.apple.com/us/podcast/connect-with-skip-heitzig-podcast/id1467482425","https://podcasts.apple.com/us/podcast/connect-with-skip-heitzig-podcast/id1467482425","0","Response","Response","{""matchedCompany"":""bible.com"",""evidenceUrl"":""https://www.bible.com/pa/organizations/163c1aef-bfeb...","Connect with Skip (connectwithskip.com) is a content partner with bible.com (YouVersion/Bible App). Explicit evidence shows that 'Connect with Skip Heitzig' has an organization page on Bible.com, indicating their presence and content sharing on the platform. No explicit evidence was found linking Connect with Skip to any other companies from the provided list, including pushpay.com, tbn.org, cbn.com, or daystar.com."
"Coral Ridge Presbyterian Church","Rob Pacienza","crpc.org","https://www.linkedin.com/company/coral-ridge-presbyterian-church-inc.","11-50 employees","Our Vision: A Gospel-centered church that equips culture-shaping Christians.

Our Mission: We equip our people to develop a Biblical worldview, share the Gospel, build healthy relationships, and join God in making all things new.","Response","Church","Donations (one-time & recurring), Tuition/Program fees","Donations (one-time & recurring), Tuition/Program fees","$1M - $5M","Robert J. Pacienza",,"Presbyterian Church in America (PCA)",1,"http://www.facebook.com/coralridgechurch","https://www.instagram.com/coralridge/","3393","Both","{""name"":""The Word Miami"",""url"":""http://thewordmiami.com"",""frequency"":""670 AM"",""marketCity"":""Miami...","The Word Miami, Crm Tv, Podbean, Apple Podcasts, Youtube, Bandcamp","Radio Station, Online Radio, Podcast Directory, Streaming Platform, Other","❌ No spend data found",,"https://podcasts.apple.com/us/podcast/sermons/id396306679","https://podcasts.apple.com/us/podcast/sermons/id396306679","0","Response","Response","{""matchedCompany"":""bible.com"",""evidenceUrl"":""https://www.bible.com/organizations/e0a41c7f-eee7-4f...","Coral Ridge Presbyterian Church is a user of bible.com (YouVersion). Bible.com hosts an organizations page for ""Coral Ridge Presbyterian Church"" which lists the church and links to its website, crpc.org. No explicit evidence was found to indicate that Coral Ridge Presbyterian Church is a customer or user of any other companies on the provided list."
"Cornerstone Asset Metals","Terry Sacka","terrysacka.net",,,,"Response","Media Ministry","Transactional, Lead generation/Referral, Service/Consulting fees","Transactional, Lead generation/Referral, Service/Consulting fees",,,,,,,"https://www.instagram.com/reel/DTL9k_pE4_d/?hl=en","276000000","Both","{""name"":""KXXT"",""url"":null,""frequency"":""AM 1010"",""marketCity"":""Phoenix, AZ"",""channelType"":""radioSt...","Kxxt, Kkgm, Kbbw, Ktxw, Wsnl, Wlcm, Wyyc, Wwnl, Witk, Wvch, Wgnz, Wtwz, Truth Radio Network Of The Carolinas, Wtru, Wcru, Wdru, Wsts, The Eagle Fm, The Light Fm, Wles, American Christian Network, Wealth Transfer News Ios App, Wealth Transfer News Google Play App, Spreaker, Apple Podcasts, Spotify, Youtube, Amazon Music, Deezer","Radio Station, Mobile App, Podcast Directory, Streaming Platform","❌ No spend data found",,"https://podcasts.apple.com/us/podcast/rigged-against-you/id1502513818","https://podcasts.apple.com/us/podcast/rigged-against-you/id1502513818","0","Response","Response","{""matchedCompany"":""None found"",""evidenceUrl"":"""",""evidenceSnippet"":""""}","None found."
"Cornerstone Financial Services, Inc.","Terry Sacka","cornerstonereport.org",,,,"Response","Agency","Not found","Not found","$1M - $5M",,,,,,"https://www.instagram.com/larry.dershem/","458","Radio","{""name"":""Spotify"",""url"":""https://open.spotify.com/show/32iWD3rsZrixc5dKt01o8K?si=ee6264ef588e42bc...","Spotify, Audible Amazon, Iheart, 660 Am The Answer Ksky","Streaming Platform, Podcast Directory, Radio Station","❌ No spend data found",,"Response","",,"Response",,"{""matchedCompany"":""None found"",""evidenceUrl"":"""",""evidenceSnippet"":""""}","No explicit, authoritative evidence was found that Cornerstone Financial Services, Inc. (cornerstonereport.org / cornerstonereport.com) is a customer or user of any of the companies on the provided list. Therefore the result is: None found."
"Corporate Chaplains of America","Corporate Chaplains of America","chaplain.org","https://www.linkedin.com/company/corporate-chaplains-of-america","201-500 employees","People spend more time at work than anywhere else. But just because they go to work doesn’t mean they’ve left their worries at home. Anxieties crowd out focused work time. Hospital visits create mounting unpaid days off. Illness and death devastate families and burden employees with skyrocketing health care costs.

Employees aren’t the only ones who suffer during crisis. Time after time, employers repeat stories of inadequate workplace support programs and feelings of helplessness.

Since 1996, Corporate Chaplains of America has been helping employees cope with personal and professional life issues. CCA chaplains build relationships with employees, providing objective, confidential, 24/7 care, spiritual encouragement and crisis support. All relationships are permission-based and completely confidential, so the employee is in charge of how deep and to what extent the relationship will grow.

Corporate Chaplains of America (CCA) brings care and compassion to the workplace, where it is needed most, and where it can make a meaningful difference. Because of our boots-on-the-ground approach to ministry, CCA can care for those who need a trusted objective friend and confidant, and those who can’t bear their burdens alone anymore.","Response","Nonprofit","Subscription, Transactional/Service fees, Donations/Grants","Subscription, Transactional/Service fees, Donations/Grants","$25M - $50M",,,,,"https://www.facebook.com/CorporateChaplainsofAmerica","https://www.instagram.com/corpchapamerica/","773","Radio and TV","{""name"":""Apple Podcasts"",""url"":""https://podcasts.apple.com/us/podcast/chaplain-can-we-talk/id1552...","Apple Podcasts, Spotify","Podcast Directory, Streaming Platform","❌ No spend data found",,"https://podcasts.apple.com/us/podcast/chaplain-can-we-talk/id1552977839","https://podcasts.apple.com/us/podcast/chaplain-can-we-talk/id1552977839","0","Response","Response","{""matchedCompany"":""None found"",""evidenceUrl"":""None found"",""evidenceSnippet"":""None found""}","After exhaustive searches of Corporate Chaplains of America’s website (chaplain.org) and targeted partner/customer pages and directories on the listed companies’ sites, I found no explicit, authoritative evidence that Corporate Chaplains of America (chaplain.org) is a customer or user of any company in the provided list. No logo walls, case studies, testimonials, partner lists, press releases, or documented technology usages were found that explicitly associate Corporate Chaplains of America with any of the listed companies. Final extraction result: [{""matchedCompany"":""None found""}]."
"Cottonwood Creek Church","John Mark Caton","cottonwoodcreek.org","https://www.linkedin.com/company/cottonwoodcreekchurch","51-200 employees","The call to love God and to love others is woven into the very fabric of Cottonwood Creek Church. This is the place of preaching, prayer, praise, adoration, evangelism, and outreach to the community. We are always willing to do whatever it takes!","Response","Church","Donations/Contributions, Program service fees, Investment/rental income","Donations/Contributions, Program service fees, Investment/rental income","$10M - $25M","John Mark Caton",,"Non-Denominational",3,"cottonwoodfamily","https://www.instagram.com/cottonwoodcreekchurch/","7213","TV","{""name"":""Cottonwood Creek Church"",""url"":""https://cottonwoodcreek.tv/"",""frequency"":null,""marketCit...","Cottonwood Creek Church, Youtube, Apple Podcasts, Spotify, Spotify, Soundcloud","Online Radio, Streaming Platform, Podcast Directory","❌ No spend data found",,"https://podcasts.apple.com/us/podcast/cottonwood-creek-church/id1150038576","https://podcasts.apple.com/us/podcast/cottonwood-creek-church/id1150038576","0","Response","Response","{""matchedCompany"":""rightnowmedia.org"",""evidenceUrl"":""https://cottonwoodcreek.org/media/rightnow-m...","Cottonwood Creek Church is a customer/user of rightnowmedia.org. No other matches were found among the provided company list based on publicly accessible evidence."
"Create Your Now, LLC","Kristianne Wargo","createyournow.com","https://www.linkedin.com/company/createyournow","Self-employed",,"Response","Media Ministry","One-time payments, Professional services/consulting, Transactional sales of digital products","One-time payments, Professional services/consulting, Transactional sales of digital products","$0-$1M",,,,,"createyournow","https://www.instagram.com/createyournow/","222","Both","{""name"":""Apple Podcasts"",""url"":""https://podcasts.apple.com/us/podcast/create-your-now-with-kristi...","Apple Podcasts, Spotify, Pandora, Audible, Iheart Radio, Youtube, Pray Com","Podcast Directory, Streaming Platform, Online Radio, Other","❌ No spend data found",,"https://podcasts.apple.com/us/podcast/create-your-now-with-kristianne-wargo/id954737155","https://podcasts.apple.com/us/podcast/create-your-now-with-kristianne-wargo/id954737155","0","Response","Response","{""matchedCompany"":""None found"",""evidenceUrl"":""https://createyournow.com/"",""evidenceSnippet"":""Site...","No customer relationships were found between Create Your Now, LLC and any of the specified companies."
"Crenshaw Christian Center","Dr. Frederick K. Price","faithdome.org","https://www.linkedin.com/company/ever-increasing-faith-church","11-50 employees",,"Response","Church","Donations, Subscription, Transactional","Donations, Subscription, Transactional","$1M-$10M",,,,,"http://www.facebook.com/eifministries","https://www.instagram.com/eifministries/reel/DGsZIEAxhJI/","16716","Radio and TV","{""name"":""Apple Podcasts"",""url"":""https://itunes.apple.com/us/podcast/the-ever-increasing-faith-pod...","Apple Podcasts, Google Play Music, Spotify, Youtube, Eifm On Demand, Eif Network, Roku, Apple App Store, Google Play Store, Apple App Store, Google Play Store","Podcast Directory, Streaming Platform, Other, Online Radio, Mobile App","❌ No spend data found",,"https://itunes.apple.com/us/podcast/the-ever-increasing-faith-podcast/id267246478?mt=2","https://itunes.apple.com/us/podcast/the-ever-increasing-faith-podcast/id267246478?mt=2","0","Response","Response","{""matchedCompany"":""None found"",""evidenceUrl"":"""",""evidenceSnippet"":""""}","Crenshaw Christian Center / FaithDome is not found to be a customer or partner of any of the companies in the provided list. Extensive searches on their official websites (faithdome.org and crenshawchristiancenter.net) and targeted searches across the web and the listed vendors' domains yielded no explicit, authoritative evidence such as logo walls, case studies, testimonials, partner listings, press releases, or documented technology usage that clearly associates Crenshaw Christian Center with any of the specified companies."
"CrossExamined.org","Dr. Frank Turek","crossexamined.org",,,,"Response","Parachurch organization","Donations, Investment income, Royalties","Donations, Investment income, Royalties","$1M-$10M",,,,,"crossexamined.org","https://www.instagram.com/drfrankturek/","652000","Radio, TV","{""name"":""American Family Radio (AFR) network"",""url"":""https://afr.net/station-finder/"",""frequency""...","American Family Radio Afr Network, American Family Radio Afr Network Streaming Audio, Apple Podcasts, Stitcher, Spotify, Youtube, Crossexamined App Subsplash, Cross Examined App Google Play, Crossexamined Org Website","Radio Station, Online Radio, Podcast Directory, Streaming Platform, Mobile App, Other","❌ No spend data found",,"https://podcasts.apple.com/us/podcast/i-dont-have-enough-faith-to-be-an-atheist/id1297439270","https://podcasts.apple.com/us/podcast/i-dont-have-enough-faith-to-be-an-atheist/id1297439270","8.7","Response","Response","{""matchedCompany"":""None found"",""evidenceUrl"":"""",""evidenceSnippet"":""""}","I performed targeted searches of CrossExamined.org (canonical domain crossexamined.org) and parallel web searches of the listed companies' public partner/customer directories and press pages. I inspected the CrossExamined site pages: Home (/), About (/about/), and News (/news/) plus attempted Partners and Testimonials pages. I also ran brand-specific queries (site:brand ""CrossExamined"" / ""crossexamined"" and web queries combining ""CrossExamined.org"" with each brand name and partner/customer keywords). None of the pages or search results contained explicit evidence—case studies, testimonials, logo placements, partner directories, or press releases—showing CrossExamined.org as a customer, client, or partner of any company in the provided list. Based on these searches, no matches were found."
"Crossroads with Jenny Bushkell","Jenny Bushkell","jennybushkell.com",,,,"Response","Media Ministry","Sponsorship/Advertising, Speaking/Appearances, Donations/Donor support","Sponsorship/Advertising, Speaking/Appearances, Donations/Donor support",,,,,,,,,"Radio","{""name"":""Joy 620 WRJZ"",""url"":""http://www.wrjz.com/"",""frequency"":""620 AM, 102.5 FM, 99.5 FM"",""mark...","Joy 620 Wrjz, Apple Podcasts, Spotify, Joy620 App, Wrjz Com, Youtube, Hisair Net","Radio Station, Podcast Directory, Streaming Platform, Mobile App, Online Radio, Other","❌ No spend data found",,"https://podcasts.apple.com/us/podcast/crossroads-with-jenny-bushkell/id1472251124","https://podcasts.apple.com/us/podcast/crossroads-with-jenny-bushkell/id1472251124","0.7","Response","Response","{""matchedCompany"":""wrjz.com"",""evidenceUrl"":""https://jennybushkell.com"",""evidenceSnippet"":""Friday ...","Crossroads with Jenny Bushkell is a customer of wrjz.com. The show 'Crossroads with Jenny Bushkell' explicitly states on its website, jennybushkell.com, that it airs on Joy 620 WRJZ. No other customer relationships were found with the other companies in the provided list."
"Curt Landry Ministries","Curt Landry","curtlandry.com","https://www.linkedin.com/company/curt-landry-ministries","51-200 employees","At Curt Landry Ministries we know you love Israel. You have been grafted-in, sharing in the same spiritual heritage (Romans 11:11-31). You want to live victoriously in your faith and stand with Israel in this hour. 

To do this, you need understanding and teaching about the spiritual heritage you have been adopted into through Jesus. Without this understanding, you experience doubt and unbelief. Jesus said He did not leave us as orphans (John 14:18) but came to reconcile us to Himself (2 Corinthians 5:19), giving us abundant life (John 10:10)!

We understand what it is like to experience doubt and unbelief, to feel that something is missing in our walk. This is why, for more than 30 years, we have cared for those in Israel, and provided revelatory teaching about the One New Man in Christ (Ephesians 2:15). 

We exist to be a voice in this hour. A voice of truth for the Church and Israel. We desire that Jew and Gentile come together as One New Man in Christ, walking in covenant revelation and relationship. 

Experience the abundant life Jesus talked about—one that is full of joy and shalom, where nothing is missing, and nothing is broken. Be equipped to break through any circumstance that you face by aligning with God’s heart.","Response","Parachurch organization","Donations, Product sales, Event ticketing, Subscriptions/Memberships","Donations, Product sales, Event ticketing, Subscriptions/Memberships","$25M - $50M",,,,,"http://www.facebook.com/OneNewManUnited","https://www.instagram.com/curtlandrymin/","24000","TV","{""name"":""Spotify"",""url"":""https://open.spotify.com/show/3WrWW2NuDCYCa2VAWW34LZ"",""frequency"":null,""...","Spotify, Spotify, Apple Podcasts, Apple Podcasts, Rss Com, Youtube, Charisma Podcast Network, Audacy, Podbean, Curt Landry Ministries Website, Curt Landry Ministries Website","Streaming Platform, Podcast Directory, Other","✅ Spend data found for curtlandry.com",41.5522575378418,"https://podcasts.apple.com/us/podcast/curt-landry-ministries-and-the-one-new-man-network-podcast/...","https://podcasts.apple.com/us/podcast/curt-landry-ministries-and-the-one-new-man-network-podcast/id1300094581","0","Response","Response","{""matchedCompany"":""None found"",""evidenceUrl"":"""",""evidenceSnippet"":""""}","No explicit statement tying Curt Landry Ministries (curtlandry.com) to YouVersion/Bible.com or any other listed company was found. The YouVersion/Bible.com reading plan is authored by Rabbi Curt Landry but attributed to House of David Ministries, not Curt Landry Ministries. Therefore, based on the instructions, the result is 'None found'."
"Daily Hope","Rick Warren","pastorrick.com","https://www.linkedin.com/company/purpose-driven-connection","51-200 employees","PURPOSE DRIVEN CONNECTION is a nonprofit organization based out of Rancho Santa Margarita, California, United States.

Purpose Driven Connection is a ministry formed to market, promote and manage ministry broadcasts, products and derivations that are developed primarily from the sermons and other writings of Pastor Rick Warren.

Rick Warren is an innovative pastor, renowned author, and global influencer. The various ministries Pastor Rick has created are a multi-faceted expression of his heart to bring the whole Gospel to the whole world.

Since founding Saddleback Church in 1980, Rick Warren continues to be at the forefront of the evangelical movement, encouraging churches everywhere to be a sanctuary for hope and healing.

Learn, Love, Live The Word

Pastor Rick’s passion to launch on radio was born from three deep convictions…

People are discouraged and everyone needs HOPE. We know that HOPE comes from the Scriptures. Discouragement is rampant… in the weak economic recovery and high rate of joblessness, the natural disasters, painful school shootings, gridlock among political leaders and much more.  Society is coarsening and there is a clear loss of civility. People need to hear the Gospel and the HOPE in CHRIST more than ever.

Bringing the Gospel to the unreached is our greatest goal. Pastor Rick passionately feels the need to reach the remaining 2900 unreached tribes and people groups with the Gospel of Jesus. This is the greatest evangelistic global initiative we can team up together to achieve (Revelations 7:9).","Response","Media Ministry","Donation, Transactional","Donation, Transactional","$0 - $500K",,,,,"pastorrickwarren","https://www.instagram.com/pastorrickwarren/","1100000","Radio and TV","{""name"":""PastorRick.com (Daily Hope website)"",""url"":""https://www.pastorrick.com/current-teaching""...","Pastorrick Com Daily Hope Website, Apple Podcasts, Spotify, Amazon Music Podcasts, Youtube, Oneplace, Air1, Syndicated Radio Affiliates U S International","Other, Podcast Directory, Streaming Platform, Online Radio, Radio Station","❌ No spend data found",,"https://podcasts.apple.com/us/podcast/pastor-ricks-daily-hope/id631094342","https://podcasts.apple.com/us/podcast/pastor-ricks-daily-hope/id631094342","0","Response","Response","{""matchedCompany"":""bible.com"",""evidenceUrl"":""https://www.bible.com/organizations/ed84fdec-3bb3-43...","Daily Hope (pastorrick.com) is a customer of bible.com (YouVersion/Bible App). An explicit organization page on bible.com lists 'Rick Warren/Daily Hope' with a description and a link to PastorRick.com, indicating their presence on the platform. No other explicit customer relationships were found among the provided list of companies."
"Derek Prince Ministries","Derek Prince Ministries","derekprince.org","https://www.linkedin.com/company/derek-prince-ministries","11-50 employees","Derek Prince Ministries is a nonprofit organization management company based out of United States.","Response","Media Ministry","Donations, Transactional sales, Investment income","Donations, Transactional sales, Investment income","$1M - $5M",,,,,"http://www.facebook.com/dpmlegacy","https://www.instagram.com/derek_prince_ministries/","67000","Both","{""name"":""Apple Podcasts"",""url"":""https://podcasts.apple.com/us/podcast/derek-prince-ministries-pod...","Apple Podcasts, Spotify, Amazon Music, Youtube, Tunein, Wgnz Radio","Podcast Directory, Streaming Platform, Online Radio, Radio Station","❌ No spend data found",,"https://podcasts.apple.com/us/podcast/derek-prince-ministries-podcast/id1453391323","https://podcasts.apple.com/us/podcast/derek-prince-ministries-podcast/id1453391323","0","Response","Response","{""matchedCompany"":""bible.com"",""evidenceUrl"":""https://www.bible.com/en-GB/organizations/7041c207-9...","No main response was provided in the input."
"Discovering The Jewish Jesus","Rabbi Schneider","discoveringthejewishjesus.com","https://www.linkedin.com/company/discovering-the-jewish-jesus",,,"Response","Media Ministry","Donations (including recurring/subscription-style monthly giving), Transactional (store sales)","Donations (including recurring/subscription-style monthly giving), Transactional (store sales)","$5M - $10M",,,,,"http://www.facebook.com/pages/Discovering-The-Jewish-Jesus-with-Rabbi-Schneider/323215607705254","https://www.instagram.com/discoveringthejewishjesus/","15900","Radio, TV","{""name"":""Apple Podcasts"",""url"":""https://podcasts.apple.com/us/podcast/discovering-the-jewish-jesu...","Apple Podcasts, Podbean, Podbean Rss Feed, Spotify, Youtube Music, Tunein, Iheart, Amazon Music, Csn, Wxjc, Wxjc, Cjjc, Sirius Xm, Wjiv, Wmca, Rabbi Schneider App, Youtube, Youtube","Podcast Directory, Streaming Platform, Online Radio, Radio Station, Satellite Radio, Mobile App","❌ No spend data found",,"https://podcasts.apple.com/us/podcast/discovering-the-jewish-jesus-audio-podcast/id1450206981","https://podcasts.apple.com/us/podcast/discovering-the-jewish-jesus-audio-podcast/id1450206981","0","Response","Response","{""matchedCompany"":""bible.com"",""evidenceUrl"":""https://www.bible.com/reading-plans/13539-discover-t...","[ { ""matchedCompany"": ""bible.com"", ""evidenceUrl"": ""https://www.bible.com/reading-plans/13539-discover-the-jewish-jesus"", ""evidenceSnippet"": ""In this 5-day devotional, Rabbi Kirt A. Schneider unpacks why understanding the person of Jesus is instrumental in bridging the gap between Judaism and Christianity."" } ]"
"Divine Health","Dr. Don & Mary Colbert","divinehealth.com",,,,"Response","Other","Subscription, Transactional","Subscription, Transactional","$1M - $5M",,,,,,"https://www.instagram.com/divinehealthnutrition/","19300","Radio, TV","{""name"":""Apple Podcasts"",""url"":""https://podcasts.apple.com/us/podcast/divine-health-with-dr-don-c...","Apple Podcasts, Spotify, Tunein, Iheartradio, Rss Com, Spotify, Apple Podcasts, Youtube, Libsyn Divine Health, Drcolbert Com Show Website Podcast Category","Podcast Directory, Streaming Platform, Online Radio, Other","❌ No spend data found",,"https://podcasts.apple.com/us/podcast/divine-health-with-dr-don-colbert/id1565586866","https://podcasts.apple.com/us/podcast/divine-health-with-dr-don-colbert/id1565586866","0","Response","Response","{""matchedCompany"":""None found"",""evidenceUrl"":"""",""evidenceSnippet"":""""}","No explicit, authoritative evidence was found that Divine Health (domain divinehealth.com) is a customer of, partner with, or uses any of the listed companies: youversion.com, angel.com, bible.com, pushpay.com, pulpitai.com, christianpost.com, gloo.us, glorify.com, simplecast.com, abideomaha.org, sharefaith.com, faithwire.com, churchtechonline.com, cbndigital.com.tr, ytatv.com, churchtranslation.org, rightnowmedia.org, livevoice.io, cbn.com, emfmedia.com, salemmedia.com, daystar.com, tct.tv, bottradionetwork.com, afr.net, wrjz.com, ytatv.com, tbn.org. Therefore, the matched company is 'None found'."
"Dream City Church[67]","Franklin Santage","dreamcitychurch.us","https://www.linkedin.com/company/phoenix-first-assembly_2","51-200 employees","At Dream City Church, we want you come as you are! Our services are for you, and are focused on Jesus, not on what you're wearing. Dress however you are comfortable.","Response","Church","Donations, Tithes, Offerings","Donations, Tithes, Offerings","$10M - $25M","Luke Barnett",21000,"Pentecostal",10,"dreamcitychurch","https://www.instagram.com/dreamcitychurch/","31000","TV","{""name"":""Apple Podcasts"",""url"":""https://podcasts.apple.com/ca/podcast/dream-city-church/id1714711...","Apple Podcasts, Spotify, Youtube, Iheartradio, Tunein, Amazon Music, Dream City Church App Ios, Dream City Church App Android","Podcast Directory, Streaming Platform, Online Radio, Mobile App","❌ No spend data found",,"https://podcasts.apple.com/ca/podcast/dream-city-church/id1714711187","https://podcasts.apple.com/ca/podcast/dream-city-church/id1714711187","1","Response","Response","{""matchedCompany"":""None found"",""evidenceUrl"":"""",""evidenceSnippet"":""""}","Final determination: None found. Reasoning: - I searched the canonical site (dreamcitychurch.us) across likely pages and site-search queries (give, mobile-app, watch/online campus, blog, locations) for explicit evidence that Dream City Church (domain: dreamcitychurch.us) is a customer/user/partner of any company on the provided list. I also searched the vendor/customer directories and public pages of the listed companies for mentions of ""Dream City Church"" tied to the canonical domain. - On the canonical site (dreamcitychurch.us) I found no explicit statements, logo walls, case studies, testimonials, or partner listings that name any of the companies from the provided list as vendors for dreamcitychurch.us. The Give page references dreamcitychurch.onlinegiving.org and an integration with Overflow (app.overflow.co) for stock/crypto giving, but none of those vendors are in the provided list. - I found vendor pages mentioning entities named ""Dream City Church"" in other campus-specific contexts (examples: a RightNow Media join page for ""Dream City Church"" in McAlester, OK, and a Pushpay-related Android app entry for ""Dream City Omaha""). However, those vendor pages either point to different campus domains (dreamcityok.church, dreamcityomaha.church) or do not explicitly tie the canonical domain dreamcitychurch.us to the vendor. Under the explicit-evidence requirement, these do not qualify as proof that dreamcitychurch.us is a customer of the listed companies. - Therefore, using only explicit, unambiguous evidence that directly associates the canonical domain dreamcitychurch.us (Dream City Church[67]) with any vendor on the list, I found no matches."
"Drenda","Gary Keesee + Drenda Keesee","drenda.com",,,,"Response","Media Ministry","E-commerce (product sales), Donations/Contributions, Subscription (membership/paid content/partne...","E-commerce (product sales), Donations/Contributions, Subscription (membership/paid content/partner program), Events/Services (speaking engagements/paid appearances)",,,,,,"drendakeesee","https://www.instagram.com/drendakeesee/","21800","TV, Radio","{""name"":""YouTube"",""url"":""https://www.youtube.com/@DrendaOnGuard"",""frequency"":null,""marketCity"":nu...","Youtube, Rumble, Apple Podcasts, Spotify, Spreaker, Iheartradio, Pray Com, Tunein","Streaming Platform, Podcast Directory, Online Radio","❌ No spend data found",,"https://podcasts.apple.com/us/podcast/drenda-on-guard/id1628339090","https://podcasts.apple.com/us/podcast/drenda-on-guard/id1628339090","0","Response","Response","{""matchedCompany"":""bible.com"",""evidenceUrl"":""https://www.bible.com/reading-plans/11177-happy-you-...","Drenda (drenda.com) is a content provider for bible.com and youversion.com. Explicit evidence was found on Bible.com (YouVersion) showing a reading plan provided by Drenda Keesee Ministries that links to drenda.com. No other listed companies showed explicit evidence linking Drenda as a customer or user in the pages searched."
"Duane Sheriff Ministries","Duane Sheriff","pastorduane.com",,,,"Response","Media Ministry","Donations, Transactional product sales (E-commerce), Subscription (recurring donations)","Donations, Transactional product sales (E-commerce), Subscription (recurring donations)",,,,,,"brotherduane","https://www.instagram.com/reel/DTL6WgrDwIc/","275000000","TV","{""name"":""Apple Podcasts"",""url"":""https://podcasts.apple.com/us/podcast/duane-sheriff-ministries-me...","Apple Podcasts, Spotify, Youtube, Iheart, Tunein, Amazon Music, Feedburner Rss, Subsplash, Gospel Truth Network Gtn, Ctn Southwest Florida Wrxy, Faith Tv","Podcast Directory, Streaming Platform, Online Radio, Mobile App, Other","✅ Spend data found for pastorduane.com",4.69950532913208,"https://podcasts.apple.com/us/podcast/duane-sheriff-ministries-messages/id1171446291","https://podcasts.apple.com/us/podcast/duane-sheriff-ministries-messages/id1171446291","0","Response","Response","{""matchedCompany"":""pushpay.com"",""evidenceUrl"":""https://pastorduane.com/privacy-policy/"",""evidence...","Duane Sheriff Ministries is a customer of PushPay. The organization's privacy policy explicitly lists PushPay among the ""Software and Services we use"". No explicit, authoritative evidence was found to confirm a customer relationship with any other companies from the provided list."
"Dunham+Co","Jarrett Stephens","dunhamandcompany.com","https://www.linkedin.com/company/dunham---company","51-200 employees","Dunham+Company is a global marketing and fundraising firm that specializes in helping Christian nonprofit ministries extend their cause by generating more resources to fulfill their mission. Our model is built on over 30 years of experience and expertise with skills that are tuned to specifically address the marketing and fundraising challenges nonprofit organizations face.","Response","Agency","Professional services / consulting (project fees, retainers), Commission / performance-based fees...","Professional services / consulting (project fees, retainers), Commission / performance-based fees (percentage of funds raised or success fees), Advertising/media commissions or markups.","$10M - $25M",,,,,"http://www.facebook.com/DunhamCompany/102841203125280","https://www.instagram.com/dunhamandcompany/","938","Radio, TV","{""name"":""Apple Podcasts"",""url"":""https://podcasts.apple.com/us/podcast/decisions-a-dunham-company-...","Apple Podcasts, Spotify, Spotify, Youtube, Youtube, Spreaker","Podcast Directory, Streaming Platform","❌ No spend data found",,"https://podcasts.apple.com/us/podcast/decisions-a-dunham-company-podcast/id1579612730","https://podcasts.apple.com/us/podcast/decisions-a-dunham-company-podcast/id1579612730","1.3","Response","Response","{""matchedCompany"":""pushpay.com"",""evidenceUrl"":""https://pushpay.com/blog/digital-giving-trends-rep...","Dunham+Co is explicitly associated with pushpay.com and bible.com based on the cited sources below."
"Eaglecom Marketing","Adrian Rodgers","eaglecom.ca","https://www.linkedin.com/company/eaglecommarketing","11-50 employees","Non-profit organizations need to make responsible media decisions with the financial resources entrusted to them.

That’s where we come in! Our specialized team becomes an extension of your organization to clarify, execute and manage your media needs.

You’ll have peace of mind and confidence that your resources are wisely invested to help you convey life-changing messages.","Response","Agency","Service fees, Retainer (Subscription), Media-buying commissions/Markups, Performance-based (Succe...","Service fees, Retainer (Subscription), Media-buying commissions/Markups, Performance-based (Success/Transactional)","$1M - $5M",,,,,"http://www.facebook.com/EagleComMarketing","https://www.instagram.com/eaglecommarketing/","511","Radio, TV","{""name"":""noResults"",""url"":null,""frequency"":null,""marketCity"":null,""channelType"":""other"",""showOrCh...","Noresults","Other","❌ No spend data found",,"Response","",,"Response",,"{""matchedCompany"":""None found"",""evidenceUrl"":""https://eaglecom.ca/clients/"",""evidenceSnippet"":""Ou...","No explicit evidence was found to confirm that Eaglecom Marketing (eaglecom.ca) is a customer of any of the specified companies. A thorough search of Eaglecom Marketing's website, including client and about pages, and site-restricted searches for vendor names, did not yield any mentions. Additionally, searches on vendor domains and the broader web for authoritative statements of a customer relationship also returned no results."
"Eagles' Wings","Bishop Robert Stearns","eagleswings.org","https://www.linkedin.com/company/eagles-wings-org","11-50 employees","Discover and Grow in Jerusalem-Centered Christianity!","Response","Parachurch organization","Donations/Contributions, Program service fees, Sales (inventory/merchandise)","Donations/Contributions, Program service fees, Sales (inventory/merchandise)","$1M-$10M",,,,,,"https://www.instagram.com/eagleswingsintl/","7803","Both","{""name"":""Apple Podcasts"",""url"":""https://podcasts.apple.com/us/podcast/eagles-wings-roundtable-pod...","Apple Podcasts, Spotify, Iheartradio, Amazon Music, Youtube","Podcast Directory, Streaming Platform","❌ No spend data found",,"https://podcasts.apple.com/us/podcast/eagles-wings-roundtable-podcast/id1733295127","https://podcasts.apple.com/us/podcast/eagles-wings-roundtable-podcast/id1733295127","0","Response","Response","{""matchedCompany"":""None found"",""evidenceUrl"":""https://eagleswings.org/testimonials"",""evidenceSnip...","No explicit, authoritative evidence was found to indicate that Eagles' Wings (eagleswings.org) is a customer, user, or partner of any of the listed companies. Searches of the Eagles' Wings website and third-party sources did not yield any explicit statements such as logo walls, case studies, testimonials, partner/customer lists, press releases, or documented technology usage that would confirm such a relationship."
"Eastern European Mission","Dirk Smith","eem.org","https://www.linkedin.com/company/eastern-european-mission","11-50 employees","As followers of Jesus Christ, we at EEM share God’s Word with the people of Eastern Europe and beyond and seek to educate and inspire God’s servants everywhere to partner with us in His ministry.","Response","Parachurch organization","Not found","Not found","$1M - $5M",,,,,"http://www.facebook.com/EasternEuropeanMission","https://www.instagram.com/eembibles/","Response","TV","{""name"":""EEM Website"",""url"":""https://eem.org/5511podcast"",""frequency"":null,""marketCity"":null,""cha...","Eem Website, Apple Podcasts, Spotify, Youtube","Other, Podcast Directory, Streaming Platform","❌ No spend data found",,"https://podcasts.apple.com/us/podcast/55-11-podcast/id1624549549","https://podcasts.apple.com/us/podcast/55-11-podcast/id1624549549","0.8","Response","Response","{""matchedCompany"":""None found"",""evidenceUrl"":"""",""evidenceSnippet"":""""}","None found: there is no explicit public evidence that Eastern European Mission (eem.org) is a customer or user of any company from the provided list."
"Elizabeth Johnston","Elizabeth Johnston","elizabethjohnston.org",,,,"Response","Media Ministry","Donations, Product sales (books/merch), Transactional one-time payments for events/mentorships/co...","Donations, Product sales (books/merch), Transactional one-time payments for events/mentorships/courses, Advertising (platform ad revenue), Membership/Subscription","$0-$1M",,,,,,"https://www.instagram.com/elizabethjohnston/","329000","Both","{""name"":""Simplecast (show website)"",""url"":""https://elizabethjohnston.simplecast.com/"",""frequency""...","Simplecast Show Website, Apple Podcasts, Spotify, Podbean, Audacy, Youtube, Listen Notes, Podchaser","Streaming Platform, Podcast Directory","❌ No spend data found",,"https://podcasts.apple.com/us/podcast/the-elizabeth-johnston-podcast/id1546268667","https://podcasts.apple.com/us/podcast/the-elizabeth-johnston-podcast/id1546268667","0","Response","Response","{""matchedCompany"":""None found"",""evidenceUrl"":""None found"",""evidenceSnippet"":""None found""}","I searched the target site (elizabethjohnston.org) and ran third-party brand searches for explicit evidence that Elizabeth Johnston (elizabethjohnston.org) is a customer, client, partner, or documented user of any company in the provided list. I inspected the site’s homepage, About page, Partner page, and other public pages; and searched brand-specific pages and general web results for explicit partner/customer listings or case studies naming Elizabeth Johnston. I found no explicit evidence that Elizabeth Johnston or elizabethjohnston.org is a customer/user/partner of any of the listed companies. Evidence reviewed (selected excerpts) is provided below. Conclusion: None found."
"Engage Your Destiny","Ben Peterson","engageyourdestiny.com","https://www.linkedin.com/company/engage-your-destiny","2-10 employees","Engage Your Destiny (EYD) is on a mission to help combat the deadly epidemic of veteran suicide by equipping our Bravest with the spiritual tools they need to face any battle. We exist to minister to the military men and women of the United States, and get them connected to life-changing programs and resources.
 
Join the mission and bring honor, hope and healing to our active duty military, veterans and their families today: www.engageyourdestiny.com/donate","Response","Parachurch organization","Donations (Contributions), Program service revenue","Donations (Contributions), Program service revenue","$5M - $10M",,,,,"benjaminjameslive","https://www.instagram.com/engage.your.destiny/","12000","No radio or TV programming details available for Engage Your Destiny","{""name"":""Engage Your Destiny Website"",""url"":""https://engageyourdestiny.org/podcast"",""frequency"":n...","Engage Your Destiny Website, Spotify, Apple Podcasts, Iheartradio, Youtube, Amazon Music, Pray Com","Other, Streaming Platform, Podcast Directory","❌ No spend data found",,"https://podcasts.apple.com/us/podcast/the-engage-your-destiny-podcast/id1720830084","https://podcasts.apple.com/us/podcast/the-engage-your-destiny-podcast/id1720830084","1","Response","Response","{""matchedCompany"":""None found"",""evidenceUrl"":"""",""evidenceSnippet"":""""}","Based on the searches performed and the authoritative pages examined, there is no explicit public evidence that Engage Your Destiny is a customer or user of any of the companies in the supplied list."
"EPIC Agency","Victor Marx","ericmetaxas.com",,,,"Response","Media Ministry","Subscription, Donations, Transactional","Subscription, Donations, Transactional","$1M - $5M",,,,,"http://www.facebook.com/eric.metaxas","https://www.instagram.com/ericmetaxas/","83300","No radio or TV programming details available for EPIC Agency","{""name"":""YouTube"",""url"":""https://www.youtube.com/channel/UCgkKp5zkTgzJpuEeMaTemjg"",""frequency"":nu...","Youtube, Rumble, Apple Podcasts, Spotify, Kick 92 3 Fm 1340 Am, Christianradio Com, Wpit, Am 1280 The Patriot, Radioalabama Net","Streaming Platform, Podcast Directory, Radio Station, Online Radio","❌ No spend data found",,"https://podcasts.apple.com/us/podcast/the-eric-metaxas-show/id991156680","https://podcasts.apple.com/us/podcast/the-eric-metaxas-show/id991156680","4","Response","Response","{""matchedCompany"":""None found"",""evidenceUrl"":"""",""evidenceSnippet"":""""}","I searched ericmetaxas.com (home, about, contact, blog and other site pages) for any explicit statements, logo walls, case studies, testimonials, partner lists, press releases or technology/“uses” statements linking the site (ericmetaxas.com) or EPIC Agency to any companies in the provided list. I also reviewed EPIC Agency’s site (epic.inc) for client lists/case studies mentioning any of the listed companies and searched for cross-mentions on the vendors’ sites. I found no explicit evidence that EPIC Agency (ericmetaxas.com) is a customer or user of any of the companies in the provided list."
"Esther Crown Ministries","Tonya Blount","apostletonya.org",,,,"Response","Media Ministry","Transactional, Donations","Transactional, Donations",,,,,,,,,"No radio or TV programming details available for Esther Crown Ministries","{""name"":""Apple Podcasts"",""url"":""https://podcasts.apple.com/us/podcast/holy-podcast-with-apostle-t...","Apple Podcasts, Spotify, Youtube, Apostletonya Org","Podcast Directory, Streaming Platform, Other","❌ No spend data found",,"https://podcasts.apple.com/us/podcast/holy-podcast-with-apostle-tonya/id1586148806","https://podcasts.apple.com/us/podcast/holy-podcast-with-apostle-tonya/id1586148806","0.8","Response","Response","{""matchedCompany"":""None found"",""evidenceUrl"":"""",""evidenceSnippet"":""""}","[{""matchedCompany"": ""None found""}]"
"Evangel World Prayer Center","Rachel Rodgers","ewpc.com","https://www.linkedin.com/company/evangel-world-prayer-center","51-200 employees","We are one church with many locations committed to reaching our cities with the love of Jesus, while taking the Gospel to every nation.","Response","Church","Donations, Contributions","Donations, Contributions","$10M - $25M","Dr. Bob Rodgers",,,12,,"The official Instagram profile for Evangel World Prayer Center is https://www.instagram.com/evangelwpc/","1810","Both","{""name"":""YouTube"",""url"":""https://www.youtube.com/channel/UCrF6PX9haBD7uWiqpKqkkjg"",""frequency"":nu...","Youtube, Youtube, Apple Podcasts, Soundcloud, Facebook, Word Broadcasting Media, Word Broadcasting Network","Streaming Platform, Podcast Directory, Other","❌ No spend data found",,"https://podcasts.apple.com/us/podcast/kedrick-tembo/id1692847983","https://podcasts.apple.com/us/podcast/kedrick-tembo/id1692847983","0.3","Response","Response","{""matchedCompany"":""None found"",""evidenceUrl"":"""",""evidenceSnippet"":""""}","Evangel World Prayer Center is not a customer or user of any of the companies from the provided list. The organization's website lists various ministry partners, but none of them correspond to the companies in question. Furthermore, their online giving platform is SecureGive, not Pushpay. Extensive web searches also did not yield any explicit evidence of a customer relationship with the specified companies."
"Every Man Ministries","Kenny Luck","everymanministries.com","https://www.linkedin.com/company/every-man-ministries-inc","2-10 employees","Every Man Ministries provides resources for men’s ministry leaders. Get spiritually equipped with hot topic video sermons and study plans.","Response","Parachurch organization","Subscription, Donations","Subscription, Donations","$0 - $500K",,,,,"kennyluck","https://www.instagram.com/everymanministries/","1538","Radio, TV","{""name"":""Every Man Ministries Website"",""url"":""https://www.everymanministries.com/blog/series/ever...","Every Man Ministries Website, Every Man Ministries Rss Feed, Apple Podcasts, Iheart, Youtube, Every Man Ministries App Ios, Every Man Ministries App Android, Every Man Ministries Streaming Platform, Roku Channel, Amazon Fire Tv","Podcast Directory, Streaming Platform, Mobile App, Other","❌ No spend data found",,"https://podcasts.apple.com/us/podcast/every-man-ministries/id1269239874","https://podcasts.apple.com/us/podcast/every-man-ministries/id1269239874","0","Response","Response","{""matchedCompany"":""None found"",""evidenceUrl"":""N/A"",""evidenceSnippet"":""N/A""}","No explicit evidence was found that Every Man Ministries is a customer or user of any of the companies provided in the list."
"Faith Church","Frank Santora","faithchurch.com","https://www.linkedin.com/company/faithchurch-com","51-200 employees","FaithChurch.com is a multi-state, multi-campus church with 20,000 members across 8 campuses in St. Louis, Missouri & West Palm Beach, Florida. Led by Lead Pastors David & Nicole Crank.","Response","Church","Donations/Contributions, Merchandise/Product sales, Event ticketing/transactional revenue","Donations/Contributions, Merchandise/Product sales, Event ticketing/transactional revenue","$25M - $50M","David Crank & Nicole Crank",6500,"Non-Denominational",7,"yourfaithchurch","https://www.instagram.com/yourfaithchurch/","39200","TV","{""name"":""Apple Podcasts"",""url"":""https://podcasts.apple.com/us/podcast/faith-church-audio-podcast/...","Apple Podcasts, Spotify, Youtube, Faith Church Mobile App, Faith Church Mobile App, Faith Church Online Campus, Victory Network Dish Network, Victory Network Roku, Tbn Inspire, Victory Channel, Kdnl Abc 30, Ksdk Nbc 5, Kmov Cbs 4, Wflx Fox 29, Wpbf, Wptv, Wpec","Podcast Directory, Streaming Platform, Mobile App, Online Radio, Other","❌ No spend data found",,"https://podcasts.apple.com/us/podcast/faith-church-audio-podcast/id563142568","https://podcasts.apple.com/us/podcast/faith-church-audio-podcast/id563142568","0","Response","Response","{""matchedCompany"":""pushpay.com"",""evidenceUrl"":""https://faithchurch.com/kingdom-builders/pushpay/""...","Faith Church (faithchurch.com) is explicitly documented as using Pushpay (pushpay.com) for online and text giving. Evidence includes Faith Church’s own giving instructions and a specific page describing transition to a new giving platform with direct Pushpay campaign links for multiple Faith Church campuses, and the church's Give page linking to Pushpay. No explicit evidence was found on faithchurch.com or on the scanned partner/company pages that Faith Church is a customer of any other companies in the provided list."
"Faith Family Church","Jim Graff","myffc.com","https://www.linkedin.com/company/faith-family-church-victoria-tx","51-200 employees","Faith Family is a church with a heart for all people.  Our mission is to love, learn, serve and share together.  We are here to love God, learn His ways, serve His purposes and share his message well – with those in our relational circles as well as those inhabiting other regions of our planet.","Response","Church","Tuition-based, Registration fees, Hourly fees","Tuition-based, Registration fees, Hourly fees","$10M - $25M","Jim Graff",,,6,"http://www.facebook.com/FaithFamilyVictoria","https://www.instagram.com/myffc/","3595","Both","{""name"":""YouTube"",""url"":""https://www.youtube.com/@myffc"",""frequency"":null,""marketCity"":null,""chan...","Youtube, Myffc Online Church Live Stream","Streaming Platform, Online Radio","❌ No spend data found",,"https://podcasts.apple.com/us/podcast/faith-family-church/id1357205497","https://podcasts.apple.com/us/podcast/faith-family-church/id1357205497","0","Response","Response","{""matchedCompany"":""None found"",""evidenceUrl"":""None found"",""evidenceSnippet"":""None found""}","After searching the target site (myffc.com) and credible third-party pages for explicit, unambiguous evidence that Faith Family Church (myffc.com) is a customer of any company in the provided list, no matches were found. The target site’s own pages (home, Give) contain no statements, logo walls, case studies, testimonials, or partner directories linking Faith Family Church to any of the listed companies. The Give functionality on the site points to give.church and the site footer references The Church Co as the website provider. A Pushpay page located during the search references an organization named “Association of Faith Family Ministries and Churches,” which is a distinct entity and not an explicit match to Faith Family Church (myffc.com). Therefore, per the requirement to only record explicit statements, there is no evidence that Faith Family Church (myffc.com) is a customer of any listed company."
"Faithful Central Missionary Baptist Church","Bishop Ulmer","faithfulcentral.com","https://www.linkedin.com/company/faithful-central-bible-church","51-200 employees","We are a Bible-based, Spirit-led extension of the body of Christ located in the heart of Inglewood, CA. Our ministry is led by integrity and compassion, as we work to impact the world for the Kingdom of God. 

Founded in 1936, Faithful Central Bible Church strives to develop, ""Champions for Divine Deployment."" Our company is dedicated to the advancement and glorification of the kingdom through the works of our staff.","Response","Church","Donations","Donations","$10M - $25M","Dr. John-Paul C. Foster",,"Baptists",1,"http://www.facebook.com/FaithfulCentral","https://www.instagram.com/faithfulcentral/","25000","Both","{""name"":""Buzzsprout"",""url"":""https://faithfulcentral.buzzsprout.com/"",""frequency"":null,""marketCity...","Buzzsprout, Apple Podcasts, Spotify, Youtube, Faithful Central Online Church","Podcast Directory, Streaming Platform, Online Radio","❌ No spend data found",,"https://podcasts.apple.com/us/podcast/faithful-central-bible-church/id1790633447","https://podcasts.apple.com/us/podcast/faithful-central-bible-church/id1790633447","0","Response","Response","{""matchedCompany"":""None found"",""evidenceUrl"":"""",""evidenceSnippet"":""""}","Summary of steps taken and final conclusion:
- Target: Faithful Central Missionary Baptist Church (faithfulcentral.com). Searched the church’s canonical site (home page and candidate pages: /give, /new-here, /contact-us) for explicit mentions of any of the listed companies (youversion.com, angel.com, bible.com, pushpay.com, pulpitai.com, christianpost.com, gloo.us, glorify.com, simplecast.com, abideomaha.org, sharefaith.com, faithwire.com, churchtechonline.com, cbndigital.com.tr, ytatv.com, churchtranslation.org, rightnowmedia.org, livevoice.io, cbn.com, emfmedia.com, salemmedia.com, daystar.com, tct.tv, bottradionetwork.com, afr.net, wrjz.com, tbn.org).
- Ran targeted site:faithfulcentral.com searches (""case study"", ""customer OR client OR partner"", ""uses OR powered by OR integrates with"") and per-brand site searches (e.g., site:faithfulcentral.com ""youversion"") to find explicit evidence on the church’s site. Also ran web searches combining the church name/domain with each brand and inspected the brands’ official pages (example: YouVersion pages) for a listing of the church.
- Key findings from authoritative pages searched: the church’s site contains a ""Give Now"" link that points to a Churchteams giving page (https://www.churchteams.com/...), and mentions online services on YouTube. There were no explicit statements, logo listings, case studies, testimonials, partner directories, or press releases on faithfulcentral.com that associate Faithful Central with any company from the provided list.
- Checked several brand official pages (ex: YouVersion Connect / Churches) and found no explicit listing or case study naming Faithful Central.

Conclusion: Based on the searches and pages examined (the church’s canonical pages and relevant brand pages), there is no explicit, authoritative evidence that Faithful Central Missionary Baptist Church (faithfulcentral.com) is a customer or user of any company in the provided list. Final result: ""None found"".

Reasoning: The instructions required explicit, unambiguous statements (logo walls, case studies, testimonials, partner/customer lists, press releases, or documented tech usage) that clearly associate the church with one of the listed companies. The church’s own site explicitly links to Churchteams for giving (an unlisted vendor), but contains no explicit references to any of the listed companies. Brand pages checked (e.g., YouVersion) list general church-use cases but do not name Faithful Central. Therefore no match meets the required evidence standard.

Final answer to return to the user (JSON array): see citations_excerpts below for the authoritative pages inspected."
"Faith Life Church","Gary Keesee + Drenda Keesee","faithlifechurch.org","https://www.linkedin.com/company/faith-life-ministries","51-200 employees","Faith Life Church is a multi-cultural and multi-generational, family church, whose mission is to share the good news of the gospel and the principles of the kingdom of god.","Response","Church","Donations/Giving, In-kind or program service revenue, Investment/Other revenue","Donations/Giving, In-kind or program service revenue, Investment/Other revenue","$10M - $25M","Gary Keesee",,,3,"http://www.facebook.com/pages/Johnstown-OH/Faith-Life-Church/137984439569225","https://www.instagram.com/faith_life_church/","3733","Radio, TV","{""name"":""Apple Podcasts"",""url"":""https://podcasts.apple.com/us/podcast/faith-life-church/id1192480...","Apple Podcasts, Google Play, Faith Life Church Online Campus, Subsplash, Podcast Addict, Youtube","Podcast Directory, Streaming Platform, Online Radio","❌ No spend data found",,"https://podcasts.apple.com/us/podcast/faith-life-church/id1192480089","https://podcasts.apple.com/us/podcast/faith-life-church/id1192480089","1.7","Response","Response","{""matchedCompany"":""None found"",""evidenceUrl"":"""",""evidenceSnippet"":""""}","No matches found: None of the listed companies have explicit, authoritative evidence showing Faith Life Church (faithlifechurch.org) as a customer or user."
"FaithX","Andre Butler","faithx.co",,,,"Response","Parachurch organization","Not found","Not found","$5M - $10M",,,,,,"https://www.instagram.com/faithx.official/","485","TV","{""name"":""Apple Podcasts"",""url"":""https://podcasts.apple.com/us/podcast/faith-x/id1547065927"",""freq...","Apple Podcasts, Spotify, Pocket Casts, Youtube","Podcast Directory, Streaming Platform","❌ No spend data found",,"https://podcasts.apple.com/us/podcast/faith-x/id1547065927","https://podcasts.apple.com/us/podcast/faith-x/id1547065927","0","Response","Response","{""matchedCompany"":""None found"",""evidenceUrl"":"""",""evidenceSnippet"":""""}","No explicit, authoritative evidence was found to confirm that FaithX (faithx.co) is a customer or user of any of the listed companies. The search included the target domain, its dev subdomain, and related public pages, as well as site-specific and web-wide queries for each vendor. Therefore, no customer relationships were identified."
"Faith Xperience Church","Andre Butler","myfaithx.com","https://www.linkedin.com/company/faith-xperience-church",,,"Response","Church","Donations, Transactional","Donations, Transactional","$0-$1M",,,,,,"https://www.instagram.com/fxworship/","556","No radio or TV programming details available for Faith Xperience Church","{""name"":""Apple Podcasts"",""url"":""https://podcasts.apple.com/us/podcast/the-faith-xperience-with-an...","Apple Podcasts, Youtube, Faith Xperience Church Website Live Stream, Spotify","Podcast Directory, Streaming Platform, Online Radio","❌ No spend data found",,"https://podcasts.apple.com/us/podcast/the-faith-xperience-with-andr%C3%A9-butler/id1453928826","https://podcasts.apple.com/us/podcast/the-faith-xperience-with-andr%C3%A9-butler/id1453928826","0.8","Response","Response","{""matchedCompany"":""None found"",""evidenceUrl"":"""",""evidenceSnippet"":""""}","I searched the target site (https://myfaithx.com/) and authoritative third-party sources for explicit, unambiguous evidence that Faith Xperience Church (myfaithx.com) is a customer/user of any companies in the provided list. I inspected the target site pages (home, about, media/watch-live, give, podcast) and ran site-specific and web searches against each listed company domain and common brand name variations. No matches were found."
"Family Policy Alliance","Christians Engaged","familypolicyalliance.com","https://www.linkedin.com/company/familypolicyalliance","11-50 employees","Our Vision

A nation where God is honored, religious freedom flourishes, families thrive and life is cherished.

Our Mission

We inspire biblical citizenship, equip statesmen, promote policy, and serve an effective association, all committed to a common vision.

Our Strategy

-- Association Building
We work alongside our state-based family-policy associates advancing the causes that 
matter most to Christian families.

-- Grassroots Impact
We motivate pro-family Americans to cast their ballots and raise their voices in support of  candidates and policies that support life, family and religious freedom.

-- Citizens Voice
We equip and motivate concerned citizens with the tools they need to make a difference in our nation.

-- Statesmen Academy
We will encourage statesmen with the training, resources and community they need to advance biblical values through their calling to public service.

We launched in 2004 as Focus on the Family Action.  We are a 501(c)(4) nonprofit organization.","Response","Parachurch organization","Direct donations, Recurring donations, Transactional sales of educational products/courses","Direct donations, Recurring donations, Transactional sales of educational products/courses","$1M - $5M",,,,,"https://www.facebook.com/familypolicyalliance/","https://www.instagram.com/family_policy/","3092","No radio or TV programming details available for Family Policy Alliance","{""name"":""Apple Podcasts"",""url"":""https://podcasts.apple.com/us/podcast/house-to-home-family-policy...","Apple Podcasts, Spotify, Iheart, Amazon Music, Blubrry, Youtube, Podbean, Apple Podcasts, Spotify, Youtube, Apple Podcasts, Spotify, Youtube, Apple Podcasts, Spotify, Youtube, Apple Podcasts, Spotify, Youtube, Youtube","Podcast Directory, Streaming Platform","❌ No spend data found",,"https://podcasts.apple.com/us/podcast/house-to-home-family-policy-today/id1804173626","https://podcasts.apple.com/us/podcast/house-to-home-family-policy-today/id1804173626","4","Response","Response","{""matchedCompany"":""None found"",""evidenceUrl"":"""",""evidenceSnippet"":""""}","No explicit evidence was found that Family Policy Alliance (familypolicyalliance.com) is a customer, user, or partner of any of the companies in the provided list. Therefore, the output for the user task is: [{""matchedCompany"":""None found""}]."
"Family Research Council","Tony Perkins","tonyperkins.com",,,,"Response","Nonprofit","Donations, E-commerce (book/merchandise)","Donations, E-commerce (book/merchandise)",,,,,,,"https://www.instagram.com/tonyperkinsfmtv/","7137","Both","{""name"":""Apple Podcasts"",""url"":""https://podcasts.apple.com/us/podcast/frc-washington-watch-with-t...","Apple Podcasts, Google Podcasts, Spotify, Youtube, Youtube, Nrbtv, American Family Radio Network, Bott Radio Network, Ktlw Radio Network, Csn Radio Network","Podcast Directory, Streaming Platform, Other, Radio Station","❌ No spend data found",,"https://podcasts.apple.com/us/podcast/frc-washington-watch-with-tony-perkins/id685992978","https://podcasts.apple.com/us/podcast/frc-washington-watch-with-tony-perkins/id685992978","0","Response","Response","{""matchedCompany"":""None found"",""evidenceUrl"":"""",""evidenceSnippet"":""""}","After searching the Family Research Council (tonyperkins.com) site and credible third-party/vendor pages for explicit, public evidence that Family Research Council (or tonyperkins.com) is a customer, partner, or user of any company in the provided list, no explicit evidence was found that unambiguously shows a customer relationship with any of the listed companies. Per the instructions, matches require explicit statements (customer lists, case studies, logo walls, testimonials, press releases, or vendor directories) naming Family Research Council; none were located. Conclusion: None found."
"Fellowship Church","Ed Young","fellowshipchurch.com","https://www.linkedin.com/company/accttwo","201-500 employees","The Vision of Fellowship Church

Our vision for Fellowship Church is simple. We exist to Reach Up, Reach Out, and Reach In. These three are the biblical mandates of the local church.

REACH UP
We work hard to provide an exciting and God-honoring environment for worship. When we worship God, we express our love and devotion to Him. What an honor it is to humbly come before the Creator of the Universe. All of us are wired for worship, and the only way we can express true love to God and worship Him is through a personal relationship with Jesus Christ.

REACH OUT
Another key purpose of Fellowship is to reach out to people who are outside the family of God. Every day, we rub shoulders with people who are just an invite away from a life-changing encounter with Christ. Invite your friends, family, neighbors and co-workers to attend Fellowship so they will hear and understand what it means to be a follower of Christ.

REACH IN
We also exist to help you, as a Christ-follower, grow in your spiritual maturity and become a full-court follower of Christ. Because the Christian life is one of constant growth and development, we are focused on providing biblical principles that can be applied to every day life. We want to help you move from a spectator in the stands to the game of active service.","Response","Church","Donations, Transactional","Donations, Transactional","$25M - $50M","Ed Young and Lisa Young",24162,"Baptist",5,"pastor.ed.young","https://www.instagram.com/fellowshipchurch/","55400","Both","{""name"":""Apple Podcasts"",""url"":""https://podcasts.apple.com/us/podcast/ed-young-fellowship-church/...","Apple Podcasts, Spotify, Subsplash, Fellowship Church Website, Fellowship Church, Youtube, Podcast Republic, Iheart","Podcast Directory, Streaming Platform, Online Radio","✅ Spend data found for fellowshipchurch.com",1.4073199182748795,"https://podcasts.apple.com/us/podcast/ed-young-fellowship-church/id82034322","https://podcasts.apple.com/us/podcast/ed-young-fellowship-church/id82034322","1.5","Response","Response","{""matchedCompany"":""pushpay.com"",""evidenceUrl"":""https://www.fellowshipchurch.com/give"",""evidenceSn...","Fellowship Church is a customer of Pushpay.com. Explicit evidence was found on Fellowship Church's Give page, which contains multiple donation links directing to Pushpay for various campuses. No explicit evidence was found for any other companies from the provided list on fellowshipchurch.com or credible third-party pages."
"Fidelis Tax and Accounting","D. Christopher Winans","fidelistaxandaccounting.com","https://www.linkedin.com/company/fidelistaxandaccounting","2-10 employees","Our Mission is to become an indispensable partner on our client’s personal and professional financial path.

Fidelis Tax and Accounting works with individuals and businesses across the country.  We provide consultative and tax preparation services, in addition to accounting and payroll services which are customized to each client's situation.

We provide tax consulting, planning, and preparation, as well as tax resolution and representation if you are having IRS problems.  We also provide business consulting, bookkeeping, and payroll.

Together we can change the world..
“From everyone who has been given much, much will be demanded; and from the one who has been entrusted with much, much more will be asked.""
—Luke 12:48

Fidelis Tax and Accounting believes in improving the world around us.  In addition to our time, 10% of every dollar is donated to charities and causes which further that goal.  We encourage you to join us in giving to causes you support.","Response","Agency","Subscription, One-time payment, Hourly/Time-based, Retainer","Subscription, One-time payment, Hourly/Time-based, Retainer","$500K - $1M",,,,,,"https://www.instagram.com/reel/DJZ05JjxtNj/","275719419","Response","{""name"":""YouTube"",""url"":""https://www.youtube.com/@Fidelistaxandaccounting"",""frequency"":null,""mark...","Youtube","Streaming Platform","❌ No spend data found",,"Response","",,"Response",,"{""matchedCompany"":""None found"",""evidenceUrl"":"""",""evidenceSnippet"":""""}","Searched Fidelis Tax and Accounting site and credible third-party sources for explicit, unambiguous evidence that Fidelis Tax and Accounting (fidelistaxandaccounting.com) is a customer/user/partner of any company in the provided list. Per the searches and site scrapes, no explicit evidence was found linking Fidelis Tax and Accounting to any listed company. Conclusion: None found."
"First Apostolic Church of Maryville","Kenneth Carpenter","firstapostolic.org",,,,"Response","Church","Donations, Retail/E-commerce, Tuition/Program Fees","Donations, Retail/E-commerce, Tuition/Program Fees","$1M - $5M",,,,,"facmaryville","https://www.instagram.com/facmaryville/","37000","TV","{""name"":""First Apostolic Church Website"",""url"":""https://firstapostolic.org/media/"",""frequency"":nu...","First Apostolic Church Website, Apple Podcasts, Spotify, Overcast, Youtube","Other, Podcast Directory, Streaming Platform","❌ No spend data found",,"https://podcasts.apple.com/us/podcast/first-apostolic-church/id509673742","https://podcasts.apple.com/us/podcast/first-apostolic-church/id509673742","1","Response","Response","{""matchedCompany"":""None found"",""evidenceUrl"":"""",""evidenceSnippet"":""""}","I searched First Apostolic Church of Maryville (firstapostolic.org) pages and vendor/vendor-directory pages for explicit, unambiguous evidence that the church is a customer of any company from the provided list. I checked the church’s canonical site (home, media, give, shop subdomain) and multiple vendor homepages (Pushpay, YouVersion/Bible.com, RightNow Media) and a third-party AV vendor page referencing First Apostolic Church of Maryville. I found no explicit statements, logo placements, case studies, testimonials, or partner directory entries on the church site or the vendor pages that directly associate First Apostolic Church of Maryville with any of the listed companies. The church’s shop is powered by Shopify (shop.firstapostolic.org shows “Powered by Shopify”), and a third-party AV vendor documents work for the church—but none of these vendors are in the provided list. Conclusion: None found."
"First Baptist Cleveland","Jordan Easley","firstbaptistcleveland.com","https://www.linkedin.com/company/first-baptist-weekday-ministry","2-10 employees",,"Response","Church","Donations, Transactional","Donations, Transactional","$5M - $10M",,,,,"dialog","https://www.instagram.com/firstcleveland/","7186","Radio, TV","{""name"":""Apple Podcasts"",""url"":""https://podcasts.apple.com/us/podcast/first-baptist-cleveland/id4...","Apple Podcasts, Tunein, Youtube, First Baptist Cleveland Website","Podcast Directory, Online Radio, Streaming Platform, Other","❌ No spend data found",,"https://podcasts.apple.com/us/podcast/first-baptist-cleveland/id492561600","https://podcasts.apple.com/us/podcast/first-baptist-cleveland/id492561600","1.5","Response","Response","{""matchedCompany"":""rightnowmedia.org"",""evidenceUrl"":""https://firstbaptistcleveland.com/videos"",""e...","First Baptist Cleveland is explicitly a customer of RightNow Media. Evidence on First Baptist Cleveland’s official site (Videos page) includes a RightNow Media section with a direct join link for First Baptist Cleveland (app.rightnowmedia.org/join/FirstBaptistCleveland), which confirms this relationship. No explicit evidence was found linking First Baptist Cleveland to any other companies on the provided list."
"Focus on the Family","Focus On The Family","focusonthefamily.com","https://www.linkedin.com/company/focus-on-the-family","501-1,000 employees","We speak hope into families around the world. With our podcasts, social media, videos, and articles, we proclaim biblical truths to help broken families find redemption in Jesus. Our team is passionate about advancing the Kingdom of God—and we love finding imaginative ways to do so. Join us through employment opportunities, summer internships, or volunteer work.","Response","Parachurch organization","Donations/Contributions, Product Sales (Transactional), Event Fees/Ticketing, Royalties & Licensi...","Donations/Contributions, Product Sales (Transactional), Event Fees/Ticketing, Royalties & Licensing, Investment Income, Service Fees (counseling/retreats)","$100M - $250M",,,,,"https://www.facebook.com/focusonthefamily","https://www.instagram.com/focusonthefamily/","669000","Radio","{""name"":""Apple Podcasts"",""url"":""https://podcasts.apple.com/us/podcast/focus-on-the-family-with-ji...","Apple Podcasts, Spotify, Youtube, Stitcher, Tunein, Amazon Music, Station Finder Ambassador Advertising, Focus On The Family App","Podcast Directory, Streaming Platform, Online Radio, Other, Mobile App","✅ Spend data found for focusonthefamily.com",283931.31796617614,"https://podcasts.apple.com/us/podcast/focus-on-the-family-with-jim-daly/id290803395","https://podcasts.apple.com/us/podcast/focus-on-the-family-with-jim-daly/id290803395","0","Response","Response","{""matchedCompany"":""bible.com"",""evidenceUrl"":""https://www.bible.com/reading-plans-collection/1205""...","Focus on the Family is a customer/user of bible.com (YouVersion/Bible.com). Bible.com hosts a collection of reading plans explicitly attributed to ""Focus on the Family,"" with the collection page explicitly titled for Focus on the Family and listing multiple associated reading plans. This constitutes direct, authoritative evidence of a customer relationship. No explicit, authoritative evidence was found for Focus on the Family being a customer or user of any other companies from the provided list, including youversion.com (as a separate domain beyond bible.com), pushpay.com, pulpitai.com, christianpost.com, gloo.us, glorify.com, simplecast.com, abideomaha.org, sharefaith.com, faithwire.com, churchtechonline.com, cbndigital.com.tr, ytatv.com, churchtranslation.org, rightnowmedia.org, livevoice.io, cbn.com, emfmedia.com, salemmedia.com, daystar.com, tct.tv, bottradionetwork.com, afr.net, wrjz.com, and tbn.org."
"Free Chapel","Jentezen Franklin","freechapel.org","https://www.linkedin.com/company/free-chapel","51-200 employees","Who we are.

Mission:
Inspiring people to live for Jesus.

Core Values:
1.  Never Hold Back.
2.  Live Life Together.
3.  Believe the Best in Others.
4.  Honor Yesterday, Inspire Tomorrow.


Vision:

1. Godly - We honor God and His word by living with integrity.
 2. Grace - We believe the best about people and make forgiveness a priority.
 3. Gathering - We are a family and do life together.
 4. Growing - .We build bigger people and teams with God's word.
 5. Generational - We honor those before us and inspire those behind us.
 6. Generous -  We value others through giving.
7. Guiding - We model healthy values to our community.
 8. Great - We serve God with excellence.","Response","Church","Donations (one-time), Recurring Donations (subscription-style giving), Planned/Bequest Giving, No...","Donations (one-time), Recurring Donations (subscription-style giving), Planned/Bequest Giving, Non-cash Gifts (stock gifts), Transactional (merchandise/events)","$10M - $25M","Jentezen Franklin",,"Nondenominational",8,"http://www.facebook.com/freechapelconnect","Official Instagram profile for Free Chapel: https://www.instagram.com/freechapel/","132000","Both","{""name"":""Apple Podcasts"",""url"":""https://podcasts.apple.com/us/podcast/the-free-chapel-podcast/id1...","Apple Podcasts, Apple Podcasts, Apple Podcasts, Apple Podcasts, Apple Podcasts, Apple Podcasts, Spotify, Youtube, Free Chapel App, Free Chapel App","Podcast Directory, Streaming Platform, Mobile App","❌ No spend data found",,"https://podcasts.apple.com/us/podcast/the-free-chapel-podcast/id1537170367","https://podcasts.apple.com/us/podcast/the-free-chapel-podcast/id1537170367","1","Response","Response","{""matchedCompany"":""pushpay.com"",""evidenceUrl"":""https://itunes.apple.com/us/app/free-chapel/id9566...","Free Chapel is a customer of Pushpay. Explicit evidence indicates that Free Chapel's mobile app is provided via Pushpay. The Free Chapel app page links to the Google Play app with a package ID containing 'io.pushpay.freechapelorangecounty'. Additionally, the Apple App Store listing for the Free Chapel app directs users to Pushpay's privacy policy. No explicit, authoritative evidence was found linking Free Chapel to any other companies on the provided list."
"Freedom Hill","Mike Hilson","mikehilson.com",,,,"Response","Parachurch organization","Consulting/Professional services, Transactional","Consulting/Professional services, Transactional","$5M - $10M",,,,,,"https://www.instagram.com/mike.hilson/","1134","TV","{""name"":""Apple Podcasts"",""url"":""https://podcasts.apple.com/gb/podcast/freedom-hill-community-chur...","Apple Podcasts, Soundcloud, Freedom Hill Community Church Website Sermons Podcast, Youtube, Podchaser, Metacast, Soundcloud Rss Feed","Podcast Directory, Streaming Platform, Other","❌ No spend data found",,"https://podcasts.apple.com/gb/podcast/freedom-hill-community-church/id1604905588","https://podcasts.apple.com/gb/podcast/freedom-hill-community-church/id1604905588","0","Response","Response","{""matchedCompany"":""None found"",""evidenceUrl"":"""",""evidenceSnippet"":""""}","Final finding: No matches found. Based on exhaustive searches of the Freedom Hill canonical site (mikehilson.com) and targeted queries across the specified vendor/partner domains, I found no explicit evidence that Freedom Hill (mikehilson.com) is a customer, partner, or user of any companies in the provided list."
"Fresh Faith","Janet Kanter","freshfaith.com",,,,"Response","Parachurch organization","Transactional (one-time e-commerce and app purchases)","Transactional (one-time e-commerce and app purchases)",,,,,,,"https://www.instagram.com/thefreshfaith/","4245","No radio or TV programming details available for Fresh Faith","{""name"":""noResults"",""url"":null,""frequency"":null,""marketCity"":null,""channelType"":""other"",""showOrCh...","Noresults","Other","❌ No spend data found",,"https://podcasts.apple.com/us/podcast/fresh-faith/id1449475825","https://podcasts.apple.com/us/podcast/fresh-faith/id1449475825","0","Response","Response","{""matchedCompany"":""None found"",""evidenceUrl"":"""",""evidenceSnippet"":""""}","None found."
"From His Heart Ministries","Jeff Schreve","fromhisheart.org","https://www.linkedin.com/company/from-his-heart-ministries","2-10 employees","No matter how badly you have messed up, your life is not over.  God still has a heart of love for you!

Our mission is to proclaim hope from the loving heart of God to the lost and hurting and lead people into a genuine love relationship with Jesus Christ.","Response","Media Ministry","Donations, Subscription, Transactional","Donations, Subscription, Transactional","$5M - $10M",,,,,"http://www.facebook.com/fromhisheart","https://www.instagram.com/fromhisheartministries/","1778","Both","{""name"":""From His Heart Ministries Website"",""url"":""https://fromhisheart.org/listen"",""frequency"":n...","From His Heart Ministries Website, Apple Podcasts, Simplecast, Youtube","Online Radio, Podcast Directory, Streaming Platform","✅ Spend data found for fromhisheart.org",0.16275237500667572,"https://podcasts.apple.com/us/podcast/from-his-heart-ministries-with-pastor-jeff-schreve-audio/id...","https://podcasts.apple.com/us/podcast/from-his-heart-ministries-with-pastor-jeff-schreve-audio/id152431867","0","Response","Response","{""matchedCompany"":""bible.com"",""evidenceUrl"":""https://www.bible.com/organizations/b011503d-9d27-43...","The target organization From His Heart Ministries (fromhisheart.org) has explicit on-page or official-directory evidence linking it to bible.com (YouVersion/Bible App), tbn.org (TBN), and afr.net (American Family Radio). No other companies from the provided list had explicit statements associating them with From His Heart in the sources I searched."
"Gebhardt Berndt","Prophet Gebhardt Berndt","gebhardtberndt.com",,,,"Response","Parachurch organization","Subscription, Transactional, Paid services/Consulting, Freemium","Subscription, Transactional, Paid services/Consulting, Freemium",,,,,,,"https://www.instagram.com/gebhardtberndt/","53800","Radio, TV","{""name"":""Podbean"",""url"":""https://gebhardtberndt.podbean.com/"",""frequency"":null,""marketCity"":null,...","Podbean, Spotify, Amazon Music, Tunein, Iheart, Player Fm, Listennotes, Podchaser, Boomplay, Youtube, Impact Radio","Podcast Directory, Streaming Platform, Online Radio, Radio Station","❌ No spend data found",,"https://podcasts.apple.com/za/podcast/empower-church/id1437903001","https://podcasts.apple.com/za/podcast/empower-church/id1437903001","1.3","Response","Response","{""matchedCompany"":""None found"",""evidenceUrl"":"""",""evidenceSnippet"":""""}","No explicit, public evidence was found that Gebhardt Berndt (gebhardtberndt.com) is a customer or user of any of the companies in the provided list. Therefore, no matches were found."
"Genesis Radio Productions Inc.","James Kaddis","genesisradioproductions.com","https://www.linkedin.com/company/genesis-radio-productions","11-50 employees","Genesis Radio Productions has enabled access to cost-effective radio and online broadcasting. In technology has improved significantly, and they now utilize cutting-edge tools like pro software to create the quality work. Even after the training is over they even provide service offer a professional service to pastors and missions that want to reach the radio and online media with quality sound since they have complete FTP capability to deliver the show to broadcast stations rapidly and with headphones.","Response","Media Ministry","Production/service fees, Transactional (airtime placement/pass-through), Commission/Agency fees","Production/service fees, Transactional (airtime placement/pass-through), Commission/Agency fees","$1M - $5M",,,,,"","https://www.instagram.com/genesisradioproductions/","113","Radio","{""name"":""noResults"",""url"":null,""frequency"":null,""marketCity"":null,""channelType"":""other"",""showOrCh...","Noresults","Other","❌ No spend data found",,"Response","",,"Response",,"{""matchedCompany"":""None found"",""evidenceUrl"":"""",""evidenceSnippet"":""""}","The objective was to determine if Genesis Radio Productions Inc. (genesisradioproductions.com) is explicitly identified as a customer or user of any companies from a provided list. After an exhaustive search, including primary site crawls, site-operator searches, web-wide searches for co-mentions, and site-specific searches on the listed companies' domains, no explicit evidence was found. The target site's pages, such as 'aboutus' and 'testimonials', describe their services and client relationships but do not mention any of the listed companies. Therefore, it is concluded that Genesis Radio Productions Inc. is not explicitly identified as a customer or user of any company in the provided list."
"GiveSendGo","GiveSendGo","givesendgo.com","https://www.linkedin.com/company/givesendgo","11-50 employees","GiveSendGo is an online crowdfunding platform, enabling individuals and organizations to raise funds for various life events and causes– including creative projects, medical expenses, missions, disaster relief, celebrations, and emergent needs.

Trusted for simple, reliable fundraising, GiveSendGo places a strong emphasis on innovation, and offers a distinct crowdfunding experience that creates a diverse global community of help & hope.

""Sharing the hope of Jesus through crowdfunding"" – GiveSendGo's faith-based founding elevates prayer and support for all users.","Response","Nonprofit","Donations/voluntary tips","Donations/voluntary tips","$1M - $5M",,,,,"https://facebook.com/givesendgo","https://www.instagram.com/givesendgo/","Response","No radio or TV programming details available for GiveSendGo","{""name"":""Podbean"",""url"":""https://shinebrightly.podbean.com/"",""frequency"":null,""marketCity"":null,""...","Podbean, Iheart, Spotify, Youtube, Apple Podcasts","Streaming Platform, Podcast Directory","❌ No spend data found",,"https://podcasts.apple.com/us/podcast/give-send-go/id942756280","https://podcasts.apple.com/us/podcast/give-send-go/id942756280","0.8","Response","Response","{""matchedCompany"":""None found"",""evidenceUrl"":"""",""evidenceSnippet"":""""}","No explicit evidence was found to indicate that GiveSendGo is a customer or user of any of the listed companies. Inspections of GiveSendGo's official website pages, including /about, /partners, and /press, as well as third-party profiles like Crunchbase and LinkedIn, did not reveal any explicit statements, logo walls, case studies, testimonials, partner/customer lists, or press releases linking GiveSendGo to youversion.com, angel.com, bible.com, pushpay.com, pulpitai.com, christianpost.com, gloo.us, glorify.com, simplecast.com, abideomaha.org, sharefaith.com, faithwire.com, churchtechonline.com, cbndigital.com.tr, ytatv.com, churchtranslation.org, rightnowmedia.org, livevoice.io, cbn.com, emfmedia.com, salemmedia.com, daystar.com, tct.tv, bottradionetwork.com, afr.net, wrjz.com, ytatv.com, or tbn.org. The /customers page on GiveSendGo's site returned an error, and the /partners page did not contain relevant listings."
"GJK, Inc.","Dr. Chaps","prayinjesusname.org","https://www.linkedin.com/company/in-jesus-name-ministries","2-10 employees","Chaplain Gordon James Klingenschmitt, PhD. defends religious freedom and the right to pray in Jesus’ name. As a Christian pastor his Gospel ministry will preach the bible at your church.","Response","Media Ministry","Donations (one-time), Subscription (recurring donations), Transactional (book/merchandise sales),...","Donations (one-time), Subscription (recurring donations), Transactional (book/merchandise sales), Political fundraising (non-deductible donations)","$5M - $10M",,,,,"http://www.facebook.com/prayinjesusname","https://www.instagram.com/reel/DQXBYGjETHh/","275703599","TV","{""name"":""Rumble"",""url"":""https://rumble.com/c/PrayInJesusNameNews"",""frequency"":null,""marketCity"":n...","Rumble, Pijn News App, Pijn News App, Youtube, Facebook, Cross Tv, Apple Podcasts, Spotify, Tunein, Iheartradio, Lightcast Roku, Lightcast Firetv, Nrb Tv, Direct Tv, Roku, Appletv, Amazon Firetv, Androidtv, Googletv, Smart Tv","Streaming Platform, Mobile App, Other, Podcast Directory, Online Radio","❌ No spend data found",,"https://podcasts.apple.com/us/podcast/pray-in-jesus-name-pijn-news/id866041118","https://podcasts.apple.com/us/podcast/pray-in-jesus-name-pijn-news/id866041118","0","Response","Response","{""matchedCompany"":""None found"",""evidenceUrl"":"""",""evidenceSnippet"":""""}","None found. After searching the target site (prayinjesusname.org) and authoritative pages on the listed vendor sites and major third-party platforms, I found no explicit, authoritative evidence that GJK, Inc. (prayinjesusname.org) is a customer, partner, or user of any company in the provided list. The target site's own pages identify the organization as GJK, Inc. and list the platforms where its PIJN content is distributed (Rumble, Apple Podcasts, Spotify, TuneIn, YouTube, Lightcast, iHeart, etc.), but do not mention any of the listed companies (youversion.com, angel.com, bible.com, pushpay.com, pulpitai.com, christianpost.com, gloo.us, glorify.com, simplecast.com, abideomaha.org, sharefaith.com, faithwire.com, churchtechonline.com, cbndigital.com.tr, ytatv.com, churchtranslation.org, rightnowmedia.org, livevoice.io, cbn.com, emfmedia.com, salemmedia.com, daystar.com, tct.tv, bottradionetwork.com, afr.net, wrjz.com, ytatv.com, tbn.org)."
"Glad Tidings Church of God in Christ","Aaron Macklin","gladtidingscogic.org","https://www.linkedin.com/company/gticogic","201-500 employees","This Church is Pastored by Bishop Jerry W. Macklin. We are committed to God's vision for a better tomorrow, Glad Tidings International has adopted our South Hayward Neighborhood in order that we may clearly demonstrate the life changing power of the Gospel of Jesus Christ in every area of human experience.","Response","Church","Donations","Donations","$25M - $50M","Bishop Jerry W. Macklin",,"Church Of God In Christ",2,,"https://www.instagram.com/gladtidingscogic/","2870","Radio, TV","{""name"":""BoxCast"",""url"":""https://boxcast.tv/channel/bzttdcpxoidq5oedngfl"",""frequency"":null,""marke...","Boxcast, Youtube, Facebook, Zoom, Glad Tidings International","Streaming Platform, Other, Online Radio","❌ No spend data found",,"Response","",,"Response",,"{""matchedCompany"":""None found"",""evidenceUrl"":"""",""evidenceSnippet"":""""}","Based on the available information, Glad Tidings Church of God in Christ is not explicitly identified as a customer of any of the companies on the provided list. While the church's website indicates use of a livestream service powered by BoxCast, BoxCast was not among the companies to be verified."
"Global Crusade With Kumuyi","Dr. William Kumuyi","gckhq.org",,,,"Response","Parachurch organization","Donations, Grants, Events, Publication sales, Sponsorships/Partnerships/Media funding","Donations, Grants, Events, Publication sales, Sponsorships/Partnerships/Media funding",,,,,,,"https://www.instagram.com/thegckhq/","8594","Both","{""name"":""Apple Podcasts"",""url"":""https://podcasts.apple.com/us/podcast/global-crusade-with-kumuyi/...","Apple Podcasts, Spotify, Iheart, Youtube, Youtube, Pray Com","Podcast Directory, Streaming Platform","❌ No spend data found",,"https://podcasts.apple.com/us/podcast/global-crusade-with-kumuyi/id1676717321","https://podcasts.apple.com/us/podcast/global-crusade-with-kumuyi/id1676717321","0","Response","Response","{""matchedCompany"":""None found"",""evidenceUrl"":"""",""evidenceSnippet"":""""}","None found"
"Gospel in Life","Tim Keller","gospelinlife.com","https://www.linkedin.com/company/gospel-4-life-church",,,"Response","Media Ministry","Donations, Transactional, Subscription","Donations, Transactional, Subscription","$1M to $10M",,,,,"http://www.facebook.com/gospelinlife","https://www.instagram.com/gospelinlife/","Response","Both","{""name"":""Apple Podcasts"",""url"":""https://podcasts.apple.com/us/podcast/timothy-keller-sermons-podc...","Apple Podcasts, Podbean App, Spotify, Amazon Music, Apple Podcasts, Podbean App, Spotify, Amazon Music, Apple Podcasts, Podbean App, Spotify, Amazon Music, Rss Feed, Youtube, Facebook, Instagram","Podcast Directory, Mobile App, Streaming Platform, Other","❌ No spend data found",,"https://podcasts.apple.com/us/podcast/timothy-keller-sermons-podcast-by-gospel-in-life/id352660924","https://podcasts.apple.com/us/podcast/timothy-keller-sermons-podcast-by-gospel-in-life/id352660924","0","Response","Response","{""matchedCompany"":""bible.com"",""evidenceUrl"":""https://www.bible.com/organizations/8ffcbd21-6f66-4e...","Gospel in Life is a customer/user of bible.com (YouVersion). This is evidenced by an organization page on Bible.com dedicated to 'Tim Keller / Gospel in Life', which includes a link to gospelinlife.com and lists reading plans associated with them. No other companies from the provided list were found to have an explicit customer/user relationship with Gospel in Life."
"Grace Grace Ministries","Nina and Michelle","ninaandmichelle.com",,,,"Response","Media Ministry","Donations","Donations",,,,,,,"https://www.instagram.com/ninakeeganministry/","825","Both","{""name"":""Grace Grace Ministries Official Site"",""url"":""https://www.ninaandmichelle.org/"",""frequenc...","Grace Grace Ministries Official Site, Apple Podcasts, Spotify, Spreaker, Youtube, Iheart, Spotify","Other, Podcast Directory, Streaming Platform","❌ No spend data found",,"https://podcasts.apple.com/us/podcast/grace-grace-with-nina-and-michelle/id1586250710","https://podcasts.apple.com/us/podcast/grace-grace-with-nina-and-michelle/id1586250710","1.7","Response","Response","{""matchedCompany"":""cbn.com"",""evidenceUrl"":""https://www.ninaandmichelle.org/nina"",""evidenceSnippet...","I searched the target site ninaandmichelle.com (home, /nina, /prayer and other site pages) and performed external searches and vendor-site checks for all listed companies. The only explicit, public statement I found linking Grace Grace Ministries (ninaandmichelle.com) to any company on the provided list is an explicit reference on the target site that Nina (of Grace Grace Ministries) contributes devotional writings to CBN (cbn.com). I found no explicit evidence (logo walls, case studies, partner/customer lists, press releases, testimonials, or documented tech usage) on ninaandmichelle.com or on the vendor/partner pages of the other listed companies that Grace Grace Ministries is a customer/user of any of the other companies.Conclusion: One explicit association found: cbn.com. No other matches found."
"Greater Zion Church Family","Michael Fisher","gzcfamily.org",,,,"Response","Church","Donations","Donations",,,,,,,"https://www.instagram.com/gzcfamily/","6675","N/A","{""name"":""YouTube"",""url"":""https://www.youtube.com/@GreaterZionChurch"",""frequency"":null,""marketCity...","Youtube, Facebook, Instagram","Streaming Platform","❌ No spend data found",,"https://podcasts.apple.com/us/podcast/the-deal-with-nissim-black/id1567222525","https://podcasts.apple.com/us/podcast/the-deal-with-nissim-black/id1567222525","0","Response","Response","{""matchedCompany"":""None found"",""evidenceUrl"":"""",""evidenceSnippet"":""""}","I found no explicit evidence that Greater Zion Church Family (gzcfamily.org) is a customer or user of any of the specified companies. The church’s Give page explicitly lists Zelle and Givelify as ways to give (Givelify is not among the provided vendor list); the site also links to its YouTube and social channels for streaming. I also queried vendor customer/partner pages (e.g., Pushpay, YouVersion, ShareFaith) and did not find any listing or case study naming Greater Zion Church Family or gzcfamily.org. Conclusion: None of the listed companies are explicitly shown as customers/users/partners of Greater Zion Church Family (gzcfamily.org) based on publicly available information discovered in this research."
"Hardwired with Jeff Wickwire","Jeff Wickwire","hardwired.org",,,,"Response","Church","Donations, Advertising/Sponsorship, Transactional, Services","Donations, Advertising/Sponsorship, Transactional, Services",,,,,,,"https://www.instagram.com/hardwiredorg/","2632","Radio","{""name"":""Podbean"",""url"":""https://hardwiredradio.podbean.com/"",""frequency"":null,""marketCity"":null,...","Podbean, Apple Podcasts, Spotify, Amazon Music, Tunein, Iheartradio, Player Fm, Listen Notes, Podchaser, Boomplay, Pray Com, Kdkr, Kcbi, The Well, Csn Radio","Podcast Directory, Streaming Platform, Online Radio, Mobile App, Radio Station","❌ No spend data found",,"https://podcasts.apple.com/us/podcast/hardwired-with-jeff-wickwire/id1642429286","https://podcasts.apple.com/us/podcast/hardwired-with-jeff-wickwire/id1642429286","0","Response","Response","{""matchedCompany"":""None found"",""evidenceUrl"":""https://www.hardwired.org/"",""evidenceSnippet"":""Thro...","I found no explicit, public evidence (logo wall, case study, testimonial, partner/customer listing, or press release) that Hardwired with Jeff Wickwire (hardwired.org) is a customer of any of the companies in the provided list. The authoritative pages inspected and relevant excerpts show identification of the site and the actual providers mentioned (Podbean, Nucleus, pray.com app), which are not among the listed companies. These citations support the conclusion that no explicit matches were found on the target site or on the official sites of the listed companies."
"HarperCollins Publishers","W Publishling","harpercollins.com","https://www.linkedin.com/company/harpercollins","1,001-5,000 employees","HarperCollins Publishers is the second-largest consumer book publisher in the world.
 
Headquartered in New York, HarperCollins has publishing operations in 15 countries. With two hundred years of history and more than 120 branded imprints around the world, HarperCollins publishes approximately 10,000 new books every year in 16 languages, and has a print and digital catalog of more than 250,000 titles. Writing across dozens of genres, HarperCollins authors include winners of the Nobel Prize, the Pulitzer Prize, the National Book Award, the Newbery and Caldecott Medals, and the Man Booker Prize. HarperCollins is a subsidiary of News Corp.
 
The house of Mark Twain, the Brontë sisters, Thackeray, Dickens, John F. Kennedy, Martin Luther King Jr., Maurice Sendak, Shel Silverstein, and Margaret Wise Brown, HarperCollins has a long and rich history that reaches back to the early nineteenth century and offers our publishing team a depth of experience that few others can rival—from the modest print shop that James and John Harper opened in 1817 to the global house we are today.","Response","Media Channel","Transactional, Licensing/Rights, Subscription/Revenue-share","Transactional, Licensing/Rights, Subscription/Revenue-share","$500M - $1B",,,,,"https://www.facebook.com/HarperCollins/","https://www.instagram.com/harpercollins/","563000","Radio, TV","{""name"":""Apple Podcasts"",""url"":""https://podcasts.apple.com/us/podcast/behind-the-scenes-of-becomi...","Apple Podcasts, Apple Podcasts, Apple Podcasts, Apple Podcasts, Spotify, Soundcloud, Stitcher, Harpercollins Publishers Website, Soundcloud, Youtube","Podcast Directory, Streaming Platform, Other","✅ Spend data found for harpercollins.com",188672.316922141,"https://podcasts.apple.com/us/podcast/remember-reading-podcast/id1447897366","https://podcasts.apple.com/us/podcast/remember-reading-podcast/id1447897366","0.3","Response","Response","{""matchedCompany"":""youversion.com"",""evidenceUrl"":""https://www.bible.com/organizations/386d1347-88...","The only confirmed explicit relationship found is between YouVersion/Bible.com and HarperCollins Christian Publishing, a division of HarperCollins. Multiple authoritative sources from YouVersion/Bible.com and a press release explicitly state that HarperCollins Christian Publishing (Thomas Nelson & Zondervan) provides content and reading plans through YouVersion/Bible.com. These sources name “HarperCollins Christian Publishing” or “HarperCollins/Zondervan/Thomas Nelson” as content partners. No explicit, authoritative evidence was found on harpercollins.com or on the official sites of the other listed companies showing HarperCollins Publishers as a customer/user/partner of any other listed company."
"Heart Revolution Church","Sergio De La Mora","heartrevchurch.com","https://www.linkedin.com/company/heart-revolution-church",,"In-person Gatherings - We have in-person gatherings every Sunday at our San Diego location. Your safety is our top priority and we provide multiple viewing and seating areas to accommodate for social distancing. Face mask and temperature checks are required to attend.","Response","Church","Donations, Recurring donations","Donations, Recurring donations","$5M - $10M","TJ and Carissa Anglin",4000,"Non-Denominational",3,,"https://www.instagram.com/heartrevchurch/","16031","Radio, TV","{""name"":""Apple Podcasts"",""url"":""https://podcasts.apple.com/us/podcast/heart-revolution-church/id1...","Apple Podcasts, Spotify, Youtube, Castbox, Pocket Casts, Overcast, Anchor, Youtube Music, Podcastaddict","Podcast Directory, Streaming Platform","❌ No spend data found",,"https://podcasts.apple.com/us/podcast/heart-revolution-church/id1654976336","https://podcasts.apple.com/us/podcast/heart-revolution-church/id1654976336","0","Response","Response","{""matchedCompany"":""pushpay.com"",""evidenceUrl"":""https://www.heartrevchurch.com/give"",""evidenceSnip...","I searched Heart Revolution Church (heartrevchurch.com) primary site pages and vendor/customer directories for explicit, public evidence that Heart Revolution Church is a customer of any companies in the provided list. I checked the target site (home, give, app references) and ran web searches and vendor site searches for explicit customer/partner mentions. I found explicit evidence that Heart Revolution Church is a customer of pushpay.com. No explicit evidence was found linking Heart Revolution Church to the other companies in the list within the results reviewed."
"HeartStone Network","Sondra Martin Hicks","heartstonenetwork.com",,,,"Response","Media Ministry","Donations, One-time sales","Donations, One-time sales","$0-$1M",,,,,,"https://www.instagram.com/heartstonenetwork/","349","TV","{""name"":""Apple Podcasts"",""url"":""https://podcasts.apple.com/us/podcast/the-sondra-heartstone-show/...","Apple Podcasts, Buzzsprout, Spotify, Youtube, Youtube, Heartstone Network Website, Heartstone Network Website, Heartstone Network App, Heartstone Network App","Podcast Directory, Streaming Platform, Other, Mobile App","❌ No spend data found",,"https://podcasts.apple.com/us/podcast/the-sondra-heartstone-show/id1592377780","https://podcasts.apple.com/us/podcast/the-sondra-heartstone-show/id1592377780","0.5","Response","Response","{""matchedCompany"":""None found"",""evidenceUrl"":"""",""evidenceSnippet"":""""}","[{""matchedCompany"": ""None found""}]"
"Helen Pensanti MD","Dr. Helen Pensanti","askdrhelen.com",,,,"Response","Other","Transactional, Fee-for-service","Transactional, Fee-for-service",,,,,,,"https://www.instagram.com/askdrhelen/","981","TV, Radio","{""name"":""YouTube"",""url"":""https://www.youtube.com/playlist?list=PL6pOBCLqv3D4Ju_g_X7UkYfApbRO33xOL...","Youtube, Siriusxm","Streaming Platform, Satellite Radio","❌ No spend data found",,"Response","",,"Response",,"{""matchedCompany"":""None found"",""evidenceUrl"":"""",""evidenceSnippet"":""""}","No customer relationships were found between Helen Pensanti MD and any of the specified companies."
"Help The Persecuted","Help the Persecuted","htp.org",,,,"Response","Nonprofit","Donations, Noncash donations","Donations, Noncash donations","$1M - $5M",,,,,,,,"Radio, TV","{""name"":""Apple Podcasts"",""url"":""https://podcasts.apple.com/us/podcast/prisoners-of-hope/id1671369...","Apple Podcasts, Spotify, Amazon Music, Pandora, Iheart Radio, Listennotes, Rss Feed, Youtube","Podcast Directory, Streaming Platform, Other","✅ Spend data found for htp.org",177.85081412643194,"https://podcasts.apple.com/us/podcast/prisoners-of-hope/id1671369263","https://podcasts.apple.com/us/podcast/prisoners-of-hope/id1671369263","2.2","Response","Response","{""matchedCompany"":""None found"",""evidenceUrl"":"""",""evidenceSnippet"":""""}","No explicit, authoritative public evidence was found that Help The Persecuted (htp.org) is a customer, user, or documented partner of any of the companies listed in the query. Therefore, the list of matched companies is 'None found'."
"High Impact Living","Rick McDaniel","rickmcdaniel.com",,,,"Response","Parachurch organization","Transactional, Donations","Transactional, Donations","$10M-$50M",,,,,,"https://www.instagram.com/rickmcdaniel_official/","1018","Radio","{""name"":""Simplecast"",""url"":""https://point-of-impact.simplecast.com/"",""frequency"":null,""marketCity...","Simplecast, Apple Podcasts, Spotify, Youtube, Pray Com, Pray Com, Pray App, Pray Radio","Podcast Directory, Streaming Platform, Mobile App, Online Radio","❌ No spend data found",,"https://podcasts.apple.com/us/podcast/point-of-impact/id1464163303","https://podcasts.apple.com/us/podcast/point-of-impact/id1464163303","0.8","Response","Response","{""matchedCompany"":""bible.com"",""evidenceUrl"":""https://www.bible.com/organizations/11095490-4325-45...","High Impact Living (via Rick McDaniel) has a presence on bible.com (YouVersion). No other listed companies produced explicit evidence of a customer/partner relationship with High Impact Living in the pages searched. The matched company is bible.com (YouVersion presence for Rick McDaniel/High Impact Living)."
"Hope Christian Church","Michele Jackson","thehopeconnection.org",,,,"Response","Church","Donations (one-time & recurring), Event ticketing/registration, Sponsorships","Donations (one-time & recurring), Event ticketing/registration, Sponsorships","$5M - $10M",,,,,"http://www.facebook.com/GrowWithHope","https://www.instagram.com/the_hope_connection/","50","Radio and TV","{""name"":""Apple Podcasts"",""url"":""https://podcasts.apple.com/us/podcast/the-hope-connection/id10848...","Apple Podcasts, Apple Podcasts, Wava, Youtube","Podcast Directory, Radio Station, Streaming Platform","❌ No spend data found",,"https://podcasts.apple.com/us/podcast/the-hope-connection/id1084879278","https://podcasts.apple.com/us/podcast/the-hope-connection/id1084879278","0","Response","Response","{""matchedCompany"":""pushpay.com"",""evidenceUrl"":""https://thehopeconnection.org/angeltreechristmasbe...","Hope Christian Church (thehopeconnection.org) is a customer/user of pushpay.com. This is evidenced by the church's website, which links to Pushpay for online giving and instructs donors to use PushPay for specific programs like ""Angel Tree"" or ""Christmas Bells"". No explicit evidence was found linking Hope Christian Church to any other companies on the provided list."
"Hope For The Heart","Hope for the Heart","hopefortheheart.org","https://www.linkedin.com/company/hope-for-the-heart","51-200 employees","At Hope for the Heart, hope gets real. We know life can feel like a series of challenges. But finding help shouldn’t be. Find clear answers and practical guidance for real-life issues with Hope for the Heart’s simple, easy-to-use resources, professionally informed, and rooted in God’s Word today!","Response","Media Ministry","Donations/Grants, Product Sales (e-commerce), Program Service Fees, Investment Income/Royalties","Donations/Grants, Product Sales (e-commerce), Program Service Fees, Investment Income/Royalties","$10M - $25M",,,,,"https://facebook.com/hopefortheheart","https://www.instagram.com/hopefortheheart/","7606","Radio","{""name"":""Spotify"",""url"":""https://open.spotify.com/show/7KHRdUQ1HhDF48o5WYgQ0W"",""frequency"":null,""...","Spotify, Youtube, Tunein, Sermonaudio, Hope For The Heart Website Program Listing, Whcf, Wmca","Streaming Platform, Online Radio, Podcast Directory, Other, Radio Station","❌ No spend data found",,"https://podcasts.apple.com/us/podcast/hope-for-the-heart/id1553633088","https://podcasts.apple.com/us/podcast/hope-for-the-heart/id1553633088","0","Response","Response","{""matchedCompany"":""None found"",""evidenceUrl"":"""",""evidenceSnippet"":""""}","I did not find any authoritative, explicit evidence that Hope For The Heart (hopefortheheart.org) is a customer/user/partner of any company in the provided list. The search included the target site hopefortheheart.org, where no explicit customer relationships with the listed vendors were found. Vendor sites like bible.com (YouVersion / Bible App) showed content related to ""Peace for Your Mind, Hope for Your Heart"" but did not explicitly identify Hope For The Heart as a customer or partner. Other vendor domains either did not mention Hope For The Heart or lacked explicit claims of a customer relationship."
"Ignite America","Barry Meguiar","igniteamerica.com","https://www.linkedin.com/company/revival-outside-the-walls","2-10 employees","Revival…Outside the Walls is a non-clergy/lay led ministry operating with great respect but outside the walls of the traditional church…to bring purpose and excitement into the daily lives of every follower of Jesus Christ. We provide free resources for churches and laypeople to help aid in the adventure and fun of sharing your faith. We need to change the view of Christians and start loving on people!

As the world falls apart and the end of time grows closer, it’s time to get excited about Heaven.  Before we know it, we’ll be standing in front of God at the beginning of forever.  In light of eternity, it’s a nano-second away.

Join with believers just like yourself in the ultimate team sport that is more fun and more rewarding than anything else in existence.

God's call to love Him and share Him with everyone under your influence has new urgency in these last days.","Response","Media Ministry","Donations / Non-profit funding","Donations / Non-profit funding","$5M - $10M",,,,,,"https://www.instagram.com/igniteamerica/","334","Radio, TV","{""name"":""Apple Podcasts"",""url"":""https://podcasts.apple.com/us/podcast/ignite-with-barry-meguiar/i...","Apple Podcasts, Spotify, Amazon Music, Youtube, Bott Radio Network, Life Changing Radio, Wljn Fm, Fuel Fm, Faith Radio, Rockdale Community Broadcasting Whju, The Point Of Faith, Wbnh Radio, Inspirational Family Radio, Montrose Broadcasting Corporation Wpel, Faith Radio Network, Intentional Living Radio","Podcast Directory, Streaming Platform, Radio Station","❌ No spend data found",,"https://podcasts.apple.com/us/podcast/ignite-with-barry-meguiar/id1607406352","https://podcasts.apple.com/us/podcast/ignite-with-barry-meguiar/id1607406352","1","Response","Response","{""matchedCompany"":""None found"",""evidenceUrl"":"""",""evidenceSnippet"":""""}","No matches found — there is no explicit, public evidence that Ignite America (igniteamerica.com) is a customer, user, or partner of any company in the provided list."
"Infinity Concepts","Marilyn Hickey","infinityconcepts.com","https://www.linkedin.com/company/infinity-concepts","11-50 employees","At Infinity Concepts, we provide solutions that empower you to overcome your biggest challenges and achieve impactful results. As an award-winning, full-service brand communications agency, we combine expertise, creativity, and innovation to craft strategies that connect with your audience and amplify your message.

Since 2002, we have delivered customized solutions that drive growth for local, national, and international organizations—with a unique focus on reaching and engaging the Christian market. Whether you need to clarify your brand, inspire action, or engage faith-based communities, Infinity Concepts has the experience and passion to guide you every step of the way.

Our Core Solutions

Strategy: Branding • Consulting • Training • Research
We help clarify your brand and guide key decisions through consulting, training, and research.  

Fundraising: Acquisition • Cultivation • Communication • Retention • Partnership • Receipting • Mail Shop
We create donor-focused content and campaigns to acquire, cultivate, and retain supporters.  

Digital Marketing: Web • Social • Email • Display • Video • Remarketing
We deliver digital solutions that build lasting engagement through SEO, SEM, PPC, social media, email marketing, and more.

Public Relations: Press Releases • Media Relations • Crisis Communication • Reputation Management
We engineer PR strategies that manage media relations, publicity, interviews, crisis communications, and more—with clarity and confidence.

Media Services: Planning • Production • Placement • Optimization • Reporting
We provide integrated media solutions—from planning and production to buying and optimization—to expand your reach across platforms.
 
Creative Services: Messaging • Copywriting • Design
We develop high-impact creative tools that elevate your brand, inspire action, and deliver results—from websites and videos to print and direct mail.
 
 Based in Export, PA | Serving clients nationwide and globally
 Let’s connect and explore","Response","Agency","Project-based (one-time fees), Retainer (recurring service fees), Hourly/Consulting fees, Media-b...","Project-based (one-time fees), Retainer (recurring service fees), Hourly/Consulting fees, Media-buying commissions/markups, Performance-based (fundraising success fees/percentage)","$1M - $5M",,,,,"http://www.facebook.com/tr","https://www.instagram.com/infinityconceptsin/","292","Both","{""name"":""noResults"",""url"":null,""frequency"":null,""marketCity"":null,""channelType"":""other"",""showOrCh...","Noresults","Other","❌ No spend data found",,"Response","",,"Response",,"{""matchedCompany"":""tct.tv"",""evidenceUrl"":""https://www.infinityconcepts.com/who-we-serve/"",""eviden...","I searched Infinity Concepts’ website (homepage, Who We Serve, Who We Are, and the site search for customer/client/partner/case study terms) and ran targeted searches on the listed companies’ domains for explicit mentions of Infinity Concepts or infinityconcepts.com. The Infinity Concepts “Who We Serve” page includes a logo wall that explicitly shows a TCT logo (image alt/title: ""tct logo""), under the heading ""Here are some of the organizations that have trusted their cause to Infinity Concepts."" No other listed companies were found on Infinity Concepts’ site or on the listed companies’ official sites/directories in the searches I ran. Final determination: Infinity Concepts (infinityconcepts.com) is explicitly shown as having TCT (tct.tv) on its client/logo wall. No explicit evidence was found for any other companies in the provided list. Matches: - tct.tv — evidenceUrl: https://www.infinityconcepts.com/who-we-serve/ — evidenceSnippet: ""Here are some of the organizations that have trusted their cause to Infinity Concepts."" and image alt/title ""tct logo"". I used the Infinity Concepts site pages (Who We Serve, Who We Are, homepage) and broad site searches plus targeted site:domain searches on the listed companies’ domains; only the Who We Serve page provided an explicit logo linking Infinity Concepts to TCT."
"Inspire Church","Mike Kai","inspirechurch.live","https://www.linkedin.com/company/inspirechurch","11-50 employees","Inspire Church celebrates 20 years serving communities across Hawai'i and around the world. Senior Pastors Mike and Lisa Kai's vision to inspire people to fulfill their God-given potential has helped grow the church to 3 locations in Hawai'i, one in Metro Manila, and an online community spanning over 100 countries all around the world. Learn more about Inspire Church at www.inspirechurch.live","Response","Church","Donations, Tithes","Donations, Tithes","$1M - $5M","Mike Kai",,,6,"facebook.com/inspirechurchtv","https://www.instagram.com/inspirechurchtv/","19900","Radio, TV","{""name"":""Apple Podcasts"",""url"":""https://podcasts.apple.com/us/podcast/inspire-church/id680470361""...","Apple Podcasts, Spotify, Amazon Music, Youtube, Tunein, 99 5 The Word, Oneplace","Podcast Directory, Streaming Platform, Online Radio, Radio Station","❌ No spend data found",,"https://podcasts.apple.com/us/podcast/inspire-church/id680470361","https://podcasts.apple.com/us/podcast/inspire-church/id680470361","0","Response","Response","{""matchedCompany"":""bible.com"",""evidenceUrl"":""https://www.bible.com/pa/organizations/55d8c83e-9f08...","Inspire Church is a customer or user of bible.com, youversion.com, and rightnowmedia.org. No explicit evidence was found for the other listed companies."
"Institute for Creation Research","Institute for Creation Research","icr.org","https://www.linkedin.com/company/institute-for-creation-research","51-200 employees","At the Institute for Creation Research, we want you to know God’s Word can be trusted with everything it speaks about—from how and why we were made, to how the universe was formed, to how we can know God and receive all He has planned for us.

That’s why ICR scientists have spent more than 50 years researching scientific evidence that refutes evolutionary philosophy and confirms the Bible’s account of a recent and special creation. We regularly receive testimonies from around the world about how ICR’s cutting-edge work has impacted thousands of people with God’s creation truth.","Response","Parachurch organization","Donations, Product sales (retail/e-commerce), Tuition/educational fees, Subscriptions, Investment...","Donations, Product sales (retail/e-commerce), Tuition/educational fees, Subscriptions, Investment & royalties","$10M - $25M",,,,,"facebook.com/icrscience","https://www.instagram.com/icrdiscovery/","8011","Radio","{""name"":""Apple Podcasts"",""url"":""https://itunes.apple.com/us/podcast/the-creation-podcast/id143022...","Apple Podcasts, Spotify, Youtube Playlist, Amazon Music, Icr Rss Creation Podcast Xml, Apple Podcasts, Spotify, Youtube Playlist, Amazon Music, Icr Rss Creation Live Podcast Xml, Apple Podcasts, Spotify, Youtube Channel, Amazon Music, Icr Rss Daysofpraise Podcast Xml, Apple Podcasts, Spotify, Youtube Music Playlist, Amazon Music, Icr Rss Podcast Xml, Ksos, Ksva, Wpcs, Wyfg, Kgrd, Kgrd, Kgrd, Kjbb, Kvcf, Kvcx, Kvcx, Kvfl","Podcast Directory, Streaming Platform, Other, Radio Station","❌ No spend data found",,"https://podcasts.apple.com/us/podcast/the-creation-podcast/id1430220535","https://podcasts.apple.com/us/podcast/the-creation-podcast/id1430220535","1.3","Response","Response","{""matchedCompany"":""pushpay.com"",""evidenceUrl"":""https://www.icr.org/donate"",""evidenceSnippet"":""We ...","I identified one match — pushpay.com — with authoritative evidence from ICR’s own donate page. No other companies from the provided list had explicit evidence linking them to Institute for Creation Research."
"Intentional Disciple Making Church Movement","Paul Jeyachandran","idmc.church","https://www.linkedin.com/company/idmcmovement","11-50 employees",,"Response","Church","Donations, Charitable Giving","Donations, Charitable Giving","$1M - $5M",,,,,,"https://www.instagram.com/idmcmovement/","2266","No radio or TV programming details available for Intentional Disciple Making Church Movement","{""name"":""Spotify"",""url"":""https://open.spotify.com/show/0QbagxG3D4DzBPfI9LyOMD"",""frequency"":null,""...","Spotify, Apple Podcasts, Youtube, Pray Com","Streaming Platform, Podcast Directory","❌ No spend data found",,"https://podcasts.apple.com/us/podcast/making-intentional-disciples-with-rev-paul-jeyachandran/id1...","https://podcasts.apple.com/us/podcast/making-intentional-disciples-with-rev-paul-jeyachandran/id1487381703","1.2","Response","Response","{""matchedCompany"":""None found"",""evidenceUrl"":"""",""evidenceSnippet"":""""}","None found"
"International Christian Embassy Jerusalem","Dr. Susan Michael (ICEJ)","icej.org","https://www.linkedin.com/company/icejhq","51-200 employees","The International Christian Embassy Jerusalem is a global ministry representing churches, denominations, and millions of Christians worldwide who share a love and concern for Israel and who seek to repair the historic breach between the Church and the Jewish people. We recognize the faithfulness of God to keep His ancient covenant promises to the Jewish people in the modern-day restoration of Israel. 

Our main objectives are:

1. To stand with Israel in practical expressions of support and friendship

2. To teach the Church worldwide regarding God's purposes concerning Israel and to link churches with Israel

3. To support local churches in the Holy Land

4.  To be an active channel of reconciliation between Jews, Arabs, and Christians

From our Jerusalem headquarters, the work of the Christian Embassy reaches into more than 140 countries, including established branch offices in over 70 nations worldwide. 

The ICEJ is Your Embassy in Jerusalem. Connect with us at shalom@icej.org","Response","Parachurch organization","Donations, Subscription, Transactional, Merchandise, Grants/Sponsorships","Donations, Subscription, Transactional, Merchandise, Grants/Sponsorships","$10M - $25M",,,,,"http://www.facebook.com/ICEJHQ","https://www.instagram.com/reel/DTafekYCI31/","275706251","TV","{""name"":""Spotify"",""url"":""https://open.spotify.com/show/7jvfES6m9FgXX7rRaAbCQn"",""frequency"":null,""...","Spotify, Apple Podcasts, Google Podcasts, Youtube, Zeno Fm","Streaming Platform, Podcast Directory","❌ No spend data found",,"https://podcasts.apple.com/us/podcast/international-christian-embassy-jerusalem/id1625316072","https://podcasts.apple.com/us/podcast/international-christian-embassy-jerusalem/id1625316072","1","Response","Response","{""matchedCompany"":""None found"",""evidenceUrl"":"""",""evidenceSnippet"":""""}","After exhaustive searches of icej.org (site pages and targeted site: queries) and searches of the listed companies' official sites and web search results, I found no explicit, authoritative evidence that the International Christian Embassy Jerusalem (icej.org) is a customer/user/partner of any of the companies in the provided list. Conclusion: None found."
"International Fellowship of Christians and Jews","Yael Eckstein","ifcj.com",,,,"Response","Nonprofit","Donations, Recurring donations (Monthly), Grants, Investment income, Event/tour fees, Charitable ...","Donations, Recurring donations (Monthly), Grants, Investment income, Event/tour fees, Charitable gift annuities","$10M - $25M",,,,,"fellowshipfan","https://www.instagram.com/the_fellowship/","18500","Radio and TV","{""name"":""IFCJ"",""url"":""https://www.ifcj.org/learn/audio-library"",""frequency"":null,""marketCity"":nul...","Ifcj, Ifcj, Apple Podcasts, Spotify, Ifcj, Ifcj, Youtube","Other, Online Radio, Podcast Directory, Streaming Platform","❌ No spend data found",,"https://podcasts.apple.com/us/podcast/holy-land-moments/id393115983","https://podcasts.apple.com/us/podcast/holy-land-moments/id393115983","0","Response","Response","{""matchedCompany"":""bible.com"",""evidenceUrl"":""https://www.bible.com/organizations/c3d51113-20b6-4e...","The International Fellowship of Christians and Jews (IFCJ) is a customer/user of bible.com (YouVersion/Bible App). No matches were found for the other listed companies. While searching, a podcast partnership with PRAY.COM and historical case studies with Convio, FormTitan, and Cloud9 were noted, but these vendors were not included in the user-provided list."
"InVEST USA","InVest USA","investusa.org","https://www.linkedin.com/company/invest-usa-org","11-50 employees","We Equip Police Officers With Active Shooter Vests That Save Lives

In-Vest USA is a national 501(c)(3) nonprofit organization that raises funds to distribute free bulletproof vests and equipment to first responders in communities across America.

We will not stop until every law enforcement officer in America is provided a free personal active shooter vest.","Response","Nonprofit","Donations, Grants, Merchandise Sales","Donations, Grants, Merchandise Sales","$1M - $5M",,,,,"http://www.facebook.com/investusa","https://www.instagram.com/investusa_org/","231000","Both","{""name"":""Apple Podcasts"",""url"":""https://podcasts.apple.com/us/podcast/the-michael-letts-show/id18...","Apple Podcasts, Spotify, Crn Digital Talk Radio Crn1, Youtube, Kmet, Kbnp","Podcast Directory, Streaming Platform, Online Radio, Radio Station","❌ No spend data found",,"https://podcasts.apple.com/us/podcast/the-michael-letts-show/id1803847986","https://podcasts.apple.com/us/podcast/the-michael-letts-show/id1803847986","0","Response","Response","{""matchedCompany"":""None found"",""evidenceUrl"":"""",""evidenceSnippet"":""""}","[{""matchedCompany"": ""None found""}]"
"Isaiah 61:3 Ministries Inc.","Michele Jackson","michelejackson.com",,,,"Response","Parachurch organization","Donations, Transactional, Affiliate/Referral, Advertising/Sponsorship","Donations, Transactional, Affiliate/Referral, Advertising/Sponsorship",,,,,,,"https://www.instagram.com/michaeljackson/","11323674","Radio, TV","{""name"":""Apple Podcasts"",""url"":""https://podcasts.apple.com/us/podcast/free-indeed-with-isaiah-61-...","Apple Podcasts, Podbean, Podbean App, Spotify, Youtube, Youtube","Podcast Directory, Streaming Platform, Mobile App","❌ No spend data found",,"https://podcasts.apple.com/us/podcast/free-indeed-with-isaiah-61-ministry/id1819107761","https://podcasts.apple.com/us/podcast/free-indeed-with-isaiah-61-ministry/id1819107761","0","Response","Response","{""matchedCompany"":""None found"",""evidenceUrl"":"""",""evidenceSnippet"":""""}","None found"
"JD Greear Ministries","J.D. Greear","jdgreear.com","https://www.linkedin.com/company/jd-greear-ministries",,,"Response","Media Ministry","Donations (one-time and recurring), Product sales (books/digital resources), Broadcasting/media r...","Donations (one-time and recurring), Product sales (books/digital resources), Broadcasting/media revenue (rev-share/licensing)",,,,,,"http://www.facebook.com/pastorgreear","https://www.instagram.com/pastorjdgreear/","36900","Radio, TV","{""name"":""Apple Podcasts"",""url"":""https://podcasts.apple.com/us/podcast/summit-life-with-j-d-greear...","Apple Podcasts, Spotify, Youtube, Amazon Audible, Iheartradio Prayradio, Zfb, Wdru","Podcast Directory, Streaming Platform, Radio Station","❌ No spend data found",,"https://podcasts.apple.com/us/podcast/summit-life-with-j-d-greear/id723921422","https://podcasts.apple.com/us/podcast/summit-life-with-j-d-greear/id723921422","0","Response","Response","{""matchedCompany"":""None found"",""evidenceUrl"":"""",""evidenceSnippet"":""""}","No explicit evidence was found that JD Greear Ministries (domain: jdgreear.com) is a customer, partner, or user of any company in the provided list. The strongest related finding was an author/content page on RightNow Media showing J.D. Greear as a content contributor, but this does not explicitly state a customer/partner relationship for J.D. Greear Ministries or jdgreear.com. Therefore, no matches were found according to the specified criteria."
"Jordan Brice Ministries","Jordan Brice","jordanbriceministries.com",,,,"Response","Church","Donations (one-time and recurring), Transactional (speaking/honoraria)","Donations (one-time and recurring), Transactional (speaking/honoraria)",,,,,,,,,"Both","{""name"":""YouTube"",""url"":""https://www.youtube.com/@prophetjordanbrice"",""frequency"":null,""marketCit...","Youtube, Pray Com, Iheart Podcasts, Omny Fm, Apple Podcasts, Libsyn, Spotify","Streaming Platform, Podcast Directory","❌ No spend data found",,"https://podcasts.apple.com/br/podcast/apostle-jordan-brice/id1757998630","https://podcasts.apple.com/br/podcast/apostle-jordan-brice/id1757998630","0.2","Response","Response","{""matchedCompany"":""None found"",""evidenceUrl"":"""",""evidenceSnippet"":""""}","After a thorough investigation of Jordan Brice Ministries' public web presence and credible third-party pages, no explicit evidence was found to indicate that Jordan Brice Ministries is a customer or user of any of the specified companies (youversion.com, angel.com, bible.com, pushpay.com, pulpitai.com, christianpost.com, gloo.us, glorify.com, simplecast.com, abideomaha.org, sharefaith.com, faithwire.com, churchtechonline.com, cbndigital.com.tr, ytatv.com, churchtranslation.org, rightnowmedia.org, livevoice.io, cbn.com, emfmedia.com, salemmedia.com, daystar.com, tct.tv, bottradionetwork.com, afr.net, wrjz.com, ytatv.com, tbn.org). Therefore, the result is 'None found'."
"Juanita Bynum","Juanita Bynum","juanitabynum.com","https://www.linkedin.com/company/juanita-bynum-ministries","11-50 employees","Juanita Bynum Ministries is a marketing and advertising company based out of PO Box 358, West Hempstead, NY, United States.","Response","Media Ministry","Transactional (one-time product/course sales), Donations, Ticketing/Event sales, E-commerce/Merch...","Transactional (one-time product/course sales), Donations, Ticketing/Event sales, E-commerce/Merchandise, Paid services/Booking","$1M - $5M",,,,,"http://www.facebook.com/drjbynum2","https://www.instagram.com/iamdrjuanitabynum/","305000","TV and Radio","{""name"":""Spotify"",""url"":""https://open.spotify.com/show/1INeYEEEmjhBp1jtt5r8Va"",""frequency"":null,""...","Spotify, Apple Podcasts, Amazon Music, Audioboom, Tunein, Iheart, Youtube","Streaming Platform, Podcast Directory, Online Radio","❌ No spend data found",,"https://podcasts.apple.com/us/podcast/the-juanita-bynum-prayer-institute/id1446527874","https://podcasts.apple.com/us/podcast/the-juanita-bynum-prayer-institute/id1446527874","0","Response","Response","{""matchedCompany"":""None found"",""evidenceUrl"":"""",""evidenceSnippet"":""""}","No explicit evidence was found that Juanita Bynum (juanitabynum.com) is a customer or user of any of the listed companies."
"Kingdom Broker","Eric Skeldon","kingdombroker.com","https://www.linkedin.com/company/kingdom-broker","2-10 employees","Kingdom Broker is a company that is passionate about connecting business owners. Our mission is to serve as the premier source for positive cash flow values-based and impact-driven e-commerce, SaaS companies, and various other service-based businesses.","Response","Agency","Commission, Listing fees, Retainer/Consulting fees","Commission, Listing fees, Retainer/Consulting fees","$5M - $10M",,,,,,"https://www.instagram.com/kingdombrokers/","132","None","{""name"":""Spotify"",""url"":""https://open.spotify.com/show/14MuG4p2r3PGgRtMDXFduK"",""frequency"":null,""...","Spotify, Youtube, Apple Podcasts, Amazon Music, Audible","Streaming Platform, Podcast Directory","❌ No spend data found",,"https://podcasts.apple.com/us/podcast/the-divine-advantage-podcast/id1711449922","https://podcasts.apple.com/us/podcast/the-divine-advantage-podcast/id1711449922","0","Response","Response","{""matchedCompany"":""None found"",""evidenceUrl"":"""",""evidenceSnippet"":""""}",""
"Kingdom Full Tabernacle","Apostle Dominic & Prophetess Lesley Osei","kftchurch.com","https://www.linkedin.com/company/kft-church","201-500 employees","Kingdom Full Tabernacle International Ministries is a Bible believing Church Headquartered in Stamford Connecticut. We have the mandate from God to manifest the Kingdom of God on earth. KFT is a determinedly Christian church. It is built upon the person of Jesus Christ, the Son of God. The doctrines and practices of the church are based upon His teachings.","Response","Church","Donations (one-time and recurring), Transactional (event registration, product sales)","Donations (one-time and recurring), Transactional (event registration, product sales)","$25M - $50M","Apostle Dominic Osei",,,,,"https://www.instagram.com/kingdomfulltabernacle/","55000","No radio or TV programming details available for Kingdom Full Tabernacle","{""name"":""YouTube"",""url"":""https://www.youtube.com/@kingdomfulltabernacle"",""frequency"":null,""market...","Youtube, Facebook, Podbean, Apple Podcasts, Spotify, Instagram","Streaming Platform, Podcast Directory, Other","❌ No spend data found",,"https://podcasts.apple.com/us/podcast/kft-church-podcast/id1512104947","https://podcasts.apple.com/us/podcast/kft-church-podcast/id1512104947","0","Response","Response","{""matchedCompany"":""None found"",""evidenceUrl"":"""",""evidenceSnippet"":""""}","I searched the target domain (kftchurch.com) and credible vendor/third-party pages to find explicit, authoritative evidence that Kingdom Full Tabernacle (kftchurch.com) is a customer/user of any company from the provided list. I inspected the canonical site and the specified pages, ran site-level searches for each vendor name on the target site, and searched listed vendor sites for any mention of Kingdom Full Tabernacle / kftchurch. The target site’s Give page explicitly states the church uses Tithely for online giving (Tithely is not on the provided vendor list). I found no explicit statements, logo listings, case studies, testimonials, partner pages, press releases, or other authoritative pages on kftchurch.com or on the vendor sites that explicitly associate Kingdom Full Tabernacle (or kftchurch.com) with any of the companies in the provided list (youversion.com, angel.com, bible.com, pushpay.com, pulpitai.com, christianpost.com, gloo.us, glorify.com, simplecast.com, abideomaha.org, sharefaith.com, faithwire.com, churchtechonline.com, cbndigital.com.tr, ytatv.com, churchtranslation.org, rightnowmedia.org, livevoice.io, cbn.com, emfmedia.com, salemmedia.com, daystar.com, tct.tv, bottradionetwork.com, afr.net, wrjz.com, ytatv.com, tbn.org). Therefore, based on explicit publicly-available evidence, the correct extraction is: None found. Steps taken (summary): 1) Started at canonical domain https://www.kftchurch.com and fetched key pages: / (home), /give, /about, /virtual-family, /news. 2) On-site inspection for explicit vendor mentions on those pages and searched the site for vendor name strings (e.g., site:kftchurch.com ""youversion"", site:kftchurch.com ""pushpay"", etc.). 3) Searched vendor sites and general web for direct mentions of ""Kingdom Full Tabernacle"" or ""kftchurch"" (e.g., site:pushpay.com ""Kingdom Full Tabernacle"", site:youversion.com ""Kingdom Full Tabernacle""). 4) Compiled authoritative evidence found on the target site and evaluated for explicit matches to the provided vendor list. Conclusion: None of the listed companies appear as customers/partners/users of Kingdom Full Tabernacle (kftchurch.com) in any explicit, authoritative public statement or listing. The target site does state use of Tithely for giving, which is outside the vendor list. If you want, I can now produce the final JSON extraction output required by your instructions (either a 'None found' item or the matched items if anything should be found)."
"Kingdom Warriors Studios","Eric Skeldon","kingdomwarriorsstudios.com","https://www.linkedin.com/company/kingdomwarriorsstudios","11-50 employees","A company of Warriors of Impact!
  Art: https://imgur.com/a/rpGfJXs  
 https://www.kingdomwarriorsstudios.com/ 

Learn more https://kingdomwarriorsnft.com/","Response","Media Ministry","Equity Crowdfunding / Investment, Product Sales, Licensing / Media Distribution, Game Monetizatio...","Equity Crowdfunding / Investment, Product Sales, Licensing / Media Distribution, Game Monetization, Transactional","$1M - $5M",,,,,,"https://www.instagram.com/challengersoftherealm/","411","TV","{""name"":""Spotify"",""url"":""https://open.spotify.com/show/5YR9x4c8sCaj9buZEf1t8L"",""frequency"":null,""...","Spotify, Spotify, Apple Podcasts, Apple Podcasts, Apple Podcasts","Streaming Platform, Podcast Directory","❌ No spend data found",,"https://podcasts.apple.com/us/podcast/2-comma-club-podcast/id1801500491","https://podcasts.apple.com/us/podcast/2-comma-club-podcast/id1801500491","1.2","Response","Response","{""matchedCompany"":""None found"",""evidenceUrl"":"""",""evidenceSnippet"":""""}","I searched Kingdom Warriors Studios (https://www.kingdomwarriorsstudios.com/) pages (homepage, /about/our-community, social profiles) and ran targeted site: searches and brand-site searches for every company in the provided list. I found no explicit, public evidence (logo wall, case study, testimonial, partner/customer listing, press release, or documented tech usage) on the target site or on the listed companies' sites that names Kingdom Warriors Studios as a customer/user/partner of any company in the list. Therefore the result is ""None found""."
"Lance Learning Group","Lance Wallnau","lancewallnau.com","https://www.linkedin.com/company/lance-wallnau-ministries-inc","2-10 employees",,"Response","Agency","Subscription, Donation, Transactional, Services, Affiliate/Referral","Subscription, Donation, Transactional, Services, Affiliate/Referral","$0 - $500K",,,,,"http://www.facebook.com/LanceWallnau","https://www.instagram.com/lance_wallnau/","161000","Radio, TV","{""name"":""Lance Wallnau Official Website"",""url"":""https://lancewallnau.com/podcast"",""frequency"":nul...","Lance Wallnau Official Website, Apple Podcasts, Youtube, Rumble, Facebook, Instagram","Other, Podcast Directory, Streaming Platform","❌ No spend data found",,"https://podcasts.apple.com/us/podcast/the-lance-wallnau-show/id1376106678","https://podcasts.apple.com/us/podcast/the-lance-wallnau-show/id1376106678","0","Response","Response","{""matchedCompany"":""None found"",""evidenceUrl"":"""",""evidenceSnippet"":""""}","I found no explicit, authoritative evidence that Lance Learning Group (lancewallnau.com) is a customer or user of any company in the supplied list."
"Lion & Lamb Ministries","Christ In Prophecy (Nathan Jones + Tim Moore)","lionandlambministries.org","https://www.linkedin.com/company/lion-and-lamb-ministries","11-50 employees",,"Response","Parachurch organization","Donations, Subscription, Merchandise Sales, Event Ticketing","Donations, Subscription, Merchandise Sales, Event Ticketing","$1M - $5M",,,,,"http://www.facebook.com/lionlambministries","https://www.instagram.com/lionlambministries/reels/?hl=en","2888","Radio, TV","{""name"":""LionAndLamb.tv"",""url"":""https://lionandlamb.tv/"",""frequency"":null,""marketCity"":null,""chan...","Lionandlamb Tv, Youtube, Apple Podcasts, Apple Podcasts, Spotify, Iheartradio, Rss Com","Streaming Platform, Podcast Directory","❌ No spend data found",,"https://podcasts.apple.com/us/podcast/lion-and-lamb-ministries-podcast/id1207029305","https://podcasts.apple.com/us/podcast/lion-and-lamb-ministries-podcast/id1207029305","0","Response","Response","{""matchedCompany"":""None found"",""evidenceUrl"":"""",""evidenceSnippet"":""""}","Based on the comprehensive search of Lion & Lamb Ministries' public web presence (lionandlambministries.org, llgive.com, lionandlamb.tv) and credible third-party pages, no explicit evidence was found to indicate that Lion & Lamb Ministries is a customer or user of any of the specified companies: youversion.com, angel.com, bible.com, pushpay.com, pulpitai.com, christianpost.com, gloo.us, glorify.com, simplecast.com, abideomaha.org, sharefaith.com, faithwire.com, churchtechonline.com, cbndigital.com.tr, ytatv.com, churchtranslation.org, rightnowmedia.org, livevoice.io, cbn.com, emfmedia.com, salemmedia.com, daystar.com, tct.tv, bottradionetwork.com, afr.net, wrjz.com, ytatv.com, tbn.org. The search included targeted queries on the Lion & Lamb Ministries website for terms like ""customer,"" ""client,"" ""partner,"" ""uses,"" ""powered by,"" ""integrates with,"" and specific brand names of the listed companies. Additionally, general web searches were conducted to find any third-party mentions, press releases, or partner directories that would link Lion & Lamb Ministries to the specified companies. No such explicit statements or verifiable evidence were found in the search results."
"Living on the Edge Ministries","Chip Ingram","dailydiscipleship.com",,,,"Response","Media Ministry","Donations, Transactional","Donations, Transactional",,,,,,,"https://www.instagram.com/daily.discipleship/","15","Radio, TV","{""name"":""Apple Podcasts"",""url"":""https://podcasts.apple.com/us/podcast/living-on-the-edge-with-chi...","Apple Podcasts, Pandora, Spotify, Amazon Alexa, Amazon Music, Tunein, Iheartradio, Rss Feed, Bott Radio Network Online, Oneplace Com, Pray Com, Sirius Xm","Podcast Directory, Streaming Platform, Mobile App, Online Radio, Other, Satellite Radio","❌ No spend data found",,"https://podcasts.apple.com/us/podcast/living-on-the-edge-with-chip-ingram-daily-podcast/id271206562","https://podcasts.apple.com/us/podcast/living-on-the-edge-with-chip-ingram-daily-podcast/id271206562","0","Response","Response","{""matchedCompany"":""bible.com"",""evidenceUrl"":""https://www.bible.com/reading-plans/30350-daily-disc...","Living on the Edge Ministries (dailydiscipleship.com) is explicitly associated as a content provider/publisher with bible.com (YouVersion) and youversion.com (Bible App/YouVersion) and is listed as a publisher on rightnowmedia.org. No other matches from the provided list were found."
"Living on the Edge Ministries","Chip Ingram","livingontheedge.org","https://www.linkedin.com/company/living-on-the-edge","11-50 employees","Living on the Edge exists to help Christians live like Christians. Founded by pastor and author Chip Ingram, the ministry provides Biblical teaching and practical tools that help believers live out their faith on a daily basis by fulfilling God’s calling on their life.","Response","Media Ministry","Donations, Product Sales, Subscription","Donations, Product Sales, Subscription","$1M - $5M",,,,,"lotecommunity","https://www.instagram.com/livingontheedgewithchipingram/","14000","Both","{""name"":""Apple Podcasts"",""url"":""https://podcasts.apple.com/us/podcast/living-on-the-edge-with-chi...","Apple Podcasts, Pandora, Spotify, Amazon Alexa, Amazon Music, Tunein, Iheartradio, Rss Feed, Bott Radio Network Online, Grace Net Media, Oneplace Com, Pray Com, Chip Ingram App, Siriusxm, Youtube","Podcast Directory, Streaming Platform, Other, Online Radio, Mobile App, Satellite Radio","✅ Spend data found for livingontheedge.org",86948.8532353394,"https://podcasts.apple.com/us/podcast/living-on-the-edge-with-chip-ingram-daily-podcast/id271206562","https://podcasts.apple.com/us/podcast/living-on-the-edge-with-chip-ingram-daily-podcast/id271206562","0","Response","Response","{""matchedCompany"":""youversion.com"",""evidenceUrl"":""https://livingontheedge.org/welcome-youversion-...","Living on the Edge Ministries is a customer or partner of youversion.com, bible.com, and rightnowmedia.org. Evidence includes a welcome page for YouVersion friends on the Living on the Edge website, an organization page for Living on the Edge on Bible.com, and a publisher page for Living on the Edge on RightNow Media."
"Living Waters Publications","Ray Comfort (Living Waters)","livingwaters.com","https://www.linkedin.com/company/livingwatersofficial","11-50 employees","Living Waters exists to inspire and equip Christians to fulfill the Great Commission.","Response","Parachurch organization","Donations, E-commerce (Product Sales), Subscription (for LivingWaters.tv streaming service)","Donations, E-commerce (Product Sales), Subscription (for LivingWaters.tv streaming service)","$1M - $5M",,,,,"lwwotm","https://www.instagram.com/livingwatersofficial/","195000","TV","{""name"":""Living Waters Website"",""url"":""https://livingwaters.com/podcast/"",""frequency"":null,""marke...","Living Waters Website, Apple Podcasts, Spotify, Amazon Music, Iheart, Youtube","Streaming Platform, Podcast Directory","❌ No spend data found",,"https://podcasts.apple.com/us/podcast/the-living-waters-podcast/id1587017158","https://podcasts.apple.com/us/podcast/the-living-waters-podcast/id1587017158","0","Response","Response","{""matchedCompany"":""bible.com"",""evidenceUrl"":""https://www.bible.com/organizations/01785535-7c34-4e...","Matches found: bible.com (YouVersion). Evidence shows Living Waters has an organization page on Bible.com/YouVersion and published reading plans in the Bible App. No explicit evidence was found linking Living Waters Publications to any other companies on the provided list."
"Living Word Bible Church","Scot Anderson","livingwordonline.com","https://www.linkedin.com/company/word-bible-church","11-50 employees","Living Word Bible Church is a Spirit filled, full gospel, non-denominational church in Mesa, Arizona. We teach faith, grace and God’s Word.","Response","Church","Donations","Donations","$0 - $500K","Scot Anderson",,,,"pastorscotanderson","https://www.instagram.com/livingwordmesa/","5406","Radio, TV","{""name"":""Apple Podcasts"",""url"":""https://podcasts.apple.com/us/podcast/living-word-audio-podcast/i...","Apple Podcasts, Spotify, Youtube, Apple App Store, Google Play Store, Living Word Bible Church Website, Sermonaudio","Podcast Directory, Streaming Platform, Mobile App, Other","❌ No spend data found",,"https://podcasts.apple.com/us/podcast/pastor-scot-anderson-video/id808249042","https://podcasts.apple.com/us/podcast/pastor-scot-anderson-video/id808249042","0","Response","Response","{""matchedCompany"":""None found"",""evidenceUrl"":"""",""evidenceSnippet"":""""}","Based on the comprehensive research conducted, there is no explicit evidence found that Living Word Bible Church (livingwordonline.com) is a customer or user of any of the specified companies: youversion.com, angel.com, bible.com, pulpitai.com, christianpost.com, gloo.us, glorify.com, simplecast.com, abideomaha.org, sharefaith.com, faithwire.com, churchtechonline.com, cbndigital.com.tr, ytatv.com, churchtranslation.org, rightnowmedia.org, livevoice.io, cbn.com, emfmedia.com, salemmedia.com, daystar.com, tct.tv, bottradionetwork.com, afr.net, wrjz.com, or tbn.org.While some search results indicated other churches with similar names using Pushpay (e.g., Living Word Church in Branson, MO, and Living Word Christian Fellowship Church in Neptune, NJ), these are distinct entities from Living Word Bible Church (livingwordonline.com). The instructions explicitly state to only count a company as a customer relationship if there is explicit evidence that clearly associates *Living Word Bible Church* with one of the listed companies, and to prefer exact matches and confirm via domain reference or contextual details if the name is generic. The provided evidence for Pushpay does not pertain to livingwordonline.com.The searches on livingwordonline.com for various keywords and company names did not yield any direct mentions of partnerships, customer relationships, or technology usage with the listed companies. Similarly, searches on the listed companies' domains and broader web searches did not provide explicit, verifiable evidence linking Living Word Bible Church (livingwordonline.com) to any of the target companies as a customer or user."
"Living Word Fellowship Church","Paul Cannings","lwfellowshipchurch.org","https://www.linkedin.com/company/lwfchouston","11-50 employees","Living Word Fellowship Church is a non-denominational church that has been serving the greater Houston area  for over 20 years, since 1994. LWFC is dedicated to serving the community by teaching the word of God and changing lives. The LWFC Christian Outreach Center provides economic development, community service opportunities, emergency food assistance, drug awareness education, anger management classes, parenting workshops, basic computer training, and even a GED program. The church also provides counseling services, daycare, life application classes, and is partnered with the Rhodes School for children up to the 8th grade. Dr. Paul Cannings is the founder and Senior Pastor of Living Word Fellowship Church. We believe in ""Living the Word...Changing Lives"" We want to make such an impact in our community that when they see us, Christ is ultimately being represented! Sunday Services are at 8 a.m. & 11 a.m. Children's & Youth Services 2nd, 3rd & 4th Sundays. For more information visit https://www.lwfellowshipchurch.org Join our newsletter here at https://tinyurl.com/54d96a96","Response","Church","Donations, Fees for Services","Donations, Fees for Services","$1M - $5M","Paul Cannings",,"Non-Denominational",3,"http://www.facebook.com/powerwalk","https://www.instagram.com/lwfchouston/","1220","Both","{""name"":""Apple Podcasts"",""url"":""https://podcasts.apple.com/us/podcast/living-word-fellowship-chur...","Apple Podcasts, Spotify, Youtube, Soundcloud, Anchor Fm, Nrbtv, Nrbtv, Directv, Glorystar Satellite Systems, Tikilive, Smart Tvs, Roku, Apple Tv, Amazon Fire Tv, Nrbtv Mobile App, Kingdom Purpose Tv, Caribbean Gospel Tv, Lwfc App Fellowshipone Giving","Podcast Directory, Streaming Platform, Other, Online Radio, Satellite Radio, Mobile App","❌ No spend data found",,"https://podcasts.apple.com/us/podcast/living-word-fellowship-church/id1500469815","https://podcasts.apple.com/us/podcast/living-word-fellowship-church/id1500469815","0","Response","Response","{""matchedCompany"":""None found"",""evidenceUrl"":"""",""evidenceSnippet"":""""}","Per your instructions to only accept explicit, unambiguous evidence (logo wall, customer list, case study, testimonial, or press release), I did not find any such evidence that Living Word Fellowship Church (lwfellowshipchurch.org) is a customer or user of any company in the supplied list. Therefore the result is: None found."
"Lord of Hosts World Outreach","Hank + Brenda Kunneman","lohchurch.org","https://www.linkedin.com/company/lord-of-hosts-world-outreach","11-50 employees",,"Response","Church","Donations (one-time and recurring), Fundraising/Campaigns","Donations (one-time and recurring), Fundraising/Campaigns","$1M - $5M",,,,,"85297864217","The official Instagram profile for Lord Of Hosts World Outreach (Lord of Hosts Church) is: https://www.instagram.com/lohchurchomaha/. The verified official Instagram profile URL for Lord Of Hosts World Outreach is https://www.instagram.com/lohchurchomaha/.","6808","Radio, TV","{""name"":""LOH Church Website - Podcast / Service Archives"",""url"":""https://lohchurch.org/podcast/"",...","Loh Church Website Podcast Service Archives, Apple Podcasts, Youtube, Youtube, Rumble, Onevoicetv, Ovtv App Ovtv Onevoicetv App, Facebook, Instagram, Iheart, Roku","Other, Podcast Directory, Streaming Platform, Mobile App","❌ No spend data found",,"https://podcasts.apple.com/us/podcast/loh-podcast/id1276149836","https://podcasts.apple.com/us/podcast/loh-podcast/id1276149836","0","Response","Response","{""matchedCompany"":""pushpay.com"",""evidenceUrl"":""https://pushpay.com/g/lohchurch"",""evidenceSnippet""...","Lord of Hosts World Outreach (lohchurch.org) is a customer of Pushpay (pushpay.com). No explicit evidence was found for any other vendors in the provided list."
"Love Church","Todd Doxzon + Kap Chatfield","lovechurch.org","https://www.linkedin.com/company/lovechurchomaha","11-50 employees",,"Response","Church","Donations, Rental income","Donations, Rental income","$5M - $10M",,,,,"facebook.com/lovechurchomaha","https://www.instagram.com/lovechurchomaha/","7467","No radio or TV programming details available for Love Church","{""name"":""Apple Podcasts"",""url"":""https://podcasts.apple.com/us/podcast/love-church-audio-podcast/i...","Apple Podcasts, Spotify, Youtube, Youtube, Youtube, Love Church Live Stream, Love Church App Subsplash","Podcast Directory, Streaming Platform, Online Radio, Mobile App","❌ No spend data found",,"https://podcasts.apple.com/us/podcast/love-church-audio-podcast/id1033008665","https://podcasts.apple.com/us/podcast/love-church-audio-podcast/id1033008665","0","Response","Response","{""matchedCompany"":""None found"",""evidenceUrl"":"""",""evidenceSnippet"":""""}","Love Church is not explicitly identified as a customer or user of any of the specified companies based on the available information."
"LoveIsrael.org","Dr. Baruch Korman","loveisrael.org","https://www.linkedin.com/company/loveisrael.org",,"One of the best investments that one can make in the Kingdom work is training and equipping indigenous workers. The Israelis we are training best understand the cultural mindset of their fellow countrymen and the hindrances that keep them from embracing the Gospel. When these individuals are trained and equipped with the Word of G-d, they can multiply themselves faster, thereby multiplying your investment in the Kingdom. We offer this training, as well as the materials we have developed, at no cost to the students.","Response","Media Ministry","Donations/Contributions (including recurring donations), Program service fees (fees for programs/...","Donations/Contributions (including recurring donations), Program service fees (fees for programs/services)","$0-$1M",,,,,,"https://www.instagram.com/mybiblestudyofficial/","4925","Both","{""name"":""YouTube"",""url"":""https://www.youtube.com/c/LoveIsraelorg"",""frequency"":null,""marketCity"":n...","Youtube, Apple Podcasts, Oneplace, Lightsource, Mybiblestudy App","Streaming Platform, Podcast Directory, Online Radio, Mobile App","❌ No spend data found",,"https://podcasts.apple.com/us/podcast/loveisrael-org-audio/id960727257?mt=2","https://podcasts.apple.com/us/podcast/loveisrael-org-audio/id960727257?mt=2","0","Response","Response","{""matchedCompany"":""None found"",""evidenceUrl"":"""",""evidenceSnippet"":""""}","I searched LoveIsrael.org (site pages and site-specific queries) and performed web/vendor-domain searches across the full list of target companies. I inspected LoveIsrael’s site pages (home, donate, contact, online-teachings and other site pages) and ran site:<vendor> and general web queries for each vendor name. I found explicit, authoritative evidence on LoveIsrael.org that the ministry uses Virtuous (givevirtuous.org donor portal) and Subsplash (the LoveIsrael app is delivered via Subsplash app links). I found no explicit, public evidence (case study, customer list, testimonial, logo wall, press release or partner listing) that LoveIsrael.org is a customer, partner, or user of any of the companies in your provided list (youversion.com, angel.com, bible.com, pushpay.com, pulpitai.com, christianpost.com, gloo.us, glorify.com, simplecast.com, abideomaha.org, sharefaith.com, faithwire.com, churchtechonline.com, cbndigital.com.tr, ytatv.com, churchtranslation.org, rightnowmedia.org, livevoice.io, cbn.com, emfmedia.com, salemmedia.com, daystar.com, tct.tv, bottradionetwork.com, afr.net, wrjz.com, ytatv.com, tbn.org). Conclusion: None found."
"Love & Truth Network","Garry Ingraham","loveandtruthnetwork.com","https://www.linkedin.com/company/love-truth-network","2-10 employees","Love & Truth Network equips Christians to experience God’s restoration of identity, relational, and sexual wholeness through leadership training, teaching, and discipleship resources. Learn more at https://loveandtruthnetwork.com

We help with...
* Struggling Pastors
* Church Leadership Issues
* Pornography use/addiction
* Adultery / Infidelity
* Unwanted Same-Sex Attraction
* Sexual Addiction
* Pre-Marital Sex
* Transgender / Gender Dysphoria
* Loving Your Friends & Family Who Struggle
* Cohabitation
* Identity / Gender Confusion
* Relationship Issues","Response","Parachurch organization","Donations/Contributions, Program service fees (events/speaking/training)","Donations/Contributions, Program service fees (events/speaking/training)","$5M - $10M",,,,,"loveandtruthnetwork","https://www.instagram.com/loveandtruthnetwork/","165","Both","{""name"":""Love & Truth Network Website"",""url"":""https://loveandtruthnetwork.com/podcast"",""frequency...","Love Truth Network Website, Apple Podcasts, Podbean, Google Podcasts, Spotify, Youtube","Streaming Platform, Podcast Directory","❌ No spend data found",,"https://podcasts.apple.com/us/podcast/love-truth-network-podcast-audio-edition/id1679647627","https://podcasts.apple.com/us/podcast/love-truth-network-podcast-audio-edition/id1679647627","0.3","Response","Response","{""matchedCompany"":""None found"",""evidenceUrl"":"""",""evidenceSnippet"":""""}","No explicit customer relationships were found between Love & Truth Network and any of the specified companies (youversion.com, angel.com, bible.com, pushpay.com, pulpitai.com, christianpost.com, gloo.us, glorify.com, simplecast.com, abideomaha.org, sharefaith.com, faithwire.com, churchtechonline.com, cbndigital.com.tr, ytatv.com, churchtranslation.org, rightnowmedia.org, livevoice.io, cbn.com, emfmedia.com, salemmedia.com, daystar.com, tct.tv, bottradionetwork.com, afr.net, wrjz.com, ytatv.com, tbn.org)."
"Loveworld Publishing Foundation","Pastor Chris Oyakhilome","rhapsodyofrealitiesusa.com",,,,"Response","Media Ministry","Donations (Sponsorship), Transactional (product sales/merchandise), Subscription.","Donations (Sponsorship), Transactional (product sales/merchandise), Subscription.",,,,,,,"https://www.instagram.com/rhapsodyofrealitiesusa/","70","Both","{""name"":""Apple Podcasts"",""url"":""https://podcasts.apple.com/us/podcast/the-rhapsody-of-realities-o...","Apple Podcasts, Youtube, Instagram","Podcast Directory, Streaming Platform, Other","❌ No spend data found",,"https://podcasts.apple.com/us/podcast/the-rhapsody-of-realities-official-podcast/id1675749795","https://podcasts.apple.com/us/podcast/the-rhapsody-of-realities-official-podcast/id1675749795","0","Response","Response","{""matchedCompany"":""None found"",""evidenceUrl"":"""",""evidenceSnippet"":""""}","After searching the target site (rhapsodyofrealitiesusa.com and affiliated Rhapsody domains) and credible vendor/partner pages for each company in the provided list, I found no explicit, public evidence that Loveworld Publishing Foundation (doing business as Rhapsody of Realities; domain rhapsodyofrealitiesusa.com) is a customer, partner, or user of any of the listed companies. Conclusion: None found."
"Love Worth Finding Ministries","Adrian Rodgers","lwf.org","https://www.linkedin.com/company/lwfministries","11-50 employees","Love Worth Finding Ministries is the radio, TV, and  internet broadcasting ministry of Dr. Adrian Rogers.  Founded in 1987, LWF is heard on over 2300 radio outlets, viewed on over 11,000 TV outlets and 7 satellite networks. The program reaches into 150 countries around the world.","Response","Media Ministry","Donations, Transactional","Donations, Transactional","$1M - $5M",,,,,"116388728622","https://www.instagram.com/lwfministries/","98700","Both","{""name"":""LWF.org"",""url"":""https://www.lwf.org"",""frequency"":null,""marketCity"":null,""channelType"":""o...","Lwf Org, Mylwf App, Youtube, Facebook, Roku, Apple Podcasts, Apple Podcasts, Spotify, Iheart, Amazon Music, Oneplace","Online Radio, Mobile App, Streaming Platform, Other, Podcast Directory","✅ Spend data found for lwf.org",81758.14551448822,"https://podcasts.apple.com/us/podcast/love-worth-finding-audio-program/id1474833854","https://podcasts.apple.com/us/podcast/love-worth-finding-audio-program/id1474833854","0","Response","Response","{""matchedCompany"":""daystar.com"",""evidenceUrl"":""https://www.lwf.org/messages/broadcast-schedule/na...","Love Worth Finding Ministries (lwf.org) is explicitly associated with daystar.com and tct.tv according to Love Worth Finding’s own broadcast/national listings pages. No other companies from the provided list had explicit, authoritative evidence of a customer/partner relationship with Love Worth Finding Ministries based on the searches performed."
"Loving on Purpose","Loving On Purpose","lovingonpurpose.com","https://www.linkedin.com/company/danny-lee-silk","11-50 employees","Danny Lee Silk is a company based out of Redding, California, United States.","Response","Parachurch organization","Subscription, One-time, Transactional, Donations/Contributions, Royalties","Subscription, One-time, Transactional, Donations/Contributions, Royalties","$0-$1M",,,,,"dannyleesilk","https://www.instagram.com/dannylovingonpurpose/","141000","Radio","{""name"":""Spotify"",""url"":""https://open.spotify.com/show/1pUaF4yq3CLpFRIflcpcLx"",""frequency"":null,""...","Spotify, Apple Podcasts, Youtube, Spotify, Apple Podcasts, Youtube, Spotify, Apple Podcasts, Youtube, Youtube","Streaming Platform, Podcast Directory","❌ No spend data found",,"https://podcasts.apple.com/us/podcast/loving-on-purpose/id1598332587","https://podcasts.apple.com/us/podcast/loving-on-purpose/id1598332587","0","Response","Response","{""matchedCompany"":""bible.com"",""evidenceUrl"":""https://www.bible.com/reading-plans/975-keep-your-lo...","Loving on Purpose is explicitly associated with bible.com (YouVersion/Bible App) as the publisher of a reading plan. No other matches were found."
"Marilyn and Sarah","Marilyn Hickey","marilynandsarah.org","https://www.linkedin.com/company/marilyn-hickey-ministries","51-200 employees","Marilyn & Sarah Ministries has made a dramatic impact on many countries worldwide; from disaster relief efforts in Haiti, Indonesia, and Pakistan to providing food for the hungry in Mexico, Costa Rica, Russia, and Manila.

Marilyn has expressed great desire in uniting people together and where there is need, there is a call to respond. With a true humanitarian’s heart, Dr. Hickey has helped millions of individuals overcome setbacks.

Dr. Hickey is also a highly sought after international public speaker and her lectures on healing and the Bible have broken records in several countries for the largest public meeting ever held in that nation’s history.

Marilyn and Sarah are frequently invited to speak within the U.S. and around the world. Their teaching has been impactful on individuals, cultures, and countries.

At least twice each year, Marilyn and Sarah take a large group of travelers to visit an international country, learn the culture, and explore its history. Recent trips include China, Greece, Turkey, Albania, Morocco, Israel, Egypt, and Italy.","Response","Media Ministry","Donations (one-time and recurring), E-commerce/Product sales (store, TV offers, downloads), Event...","Donations (one-time and recurring), E-commerce/Product sales (store, TV offers, downloads), Event/Ticket sales (group tours/events)","$10M - $25M",,,,,"sarah.bowling1","https://www.instagram.com/reel/DKkSNzCM-hz/","Response","TV","{""name"":""Spotify"",""url"":""https://open.spotify.com/show/0w39E1hrqAPMRGAKW3NO64"",""frequency"":null,""...","Spotify, Apple Podcasts, Charisma Podcast Network, Anchor, Youtube, Youtube Playlist, Roku Channel Store Today With Marilyn And Sarah, Lightcast Fire Tv, Apple Tv Mentioned","Streaming Platform, Podcast Directory, Mobile App","❌ No spend data found",,"https://podcasts.apple.com/us/podcast/today-with-marilyn-and-sarah-audio/id1448269917","https://podcasts.apple.com/us/podcast/today-with-marilyn-and-sarah-audio/id1448269917","3.5","Response","Response","{""matchedCompany"":""daystar.com"",""evidenceUrl"":""https://daystar.com/marilyn-sarah"",""evidenceSnippe...","Matches found: daystar.com, tbn.org, cbn.com. No explicit evidence was found that Marilyn and Sarah (marilynandsarah.org) is a customer/user of any of the other companies in the provided list. Daystar’s program page lists “Today with Marilyn & Sarah” and includes Marilyn and Sarah’s ministry information and website (marilynandsarah.org), indicating the program airs on Daystar. A TBN newsletter (PDF) includes Marilyn Hickey as a featured/bonus teaching contributor, explicitly naming Marilyn Hickey. CBN hosts a person page for Marilyn Hickey describing her ministry and outreach."
"Marilyn Hickey Ministries","Marilyn Hickey","mhmin.org",,,,"Response","Media Ministry","Donations, Subscription (Recurring Partnership), Product Sales (E-commerce), Events/Ticketing, Pl...","Donations, Subscription (Recurring Partnership), Product Sales (E-commerce), Events/Ticketing, Planned Giving","$10M - $25M",,,,,,,,"TV","{""name"":""Apple Podcasts"",""url"":""https://itunes.apple.com/us/podcast/today-with-marilyn-and-sarah-...","Apple Podcasts, Spotify, Charisma Podcast Network, Anchor, Youtube, Marilyn Hickey Ministries App","Podcast Directory, Streaming Platform, Mobile App","❌ No spend data found",,"https://podcasts.apple.com/us/podcast/today-with-marilyn-and-sarah-audio/id1448269917","https://podcasts.apple.com/us/podcast/today-with-marilyn-and-sarah-audio/id1448269917","4.8","Response","Response","{""matchedCompany"":""bible.com"",""evidenceUrl"":""https://www.bible.com/reading-plans/18500-the-power-...","Marilyn Hickey Ministries is a customer or partner of bible.com and daystar.com. Bible.com (YouVersion/Bible App) hosts a Reading Plan provided by Marilyn Hickey Ministries, explicitly thanking them. Daystar.com's program page for ""Today with Marilyn & Sarah"" lists Marilyn Hickey Ministries' contact information, indicating an explicit association."
"Messenger International","John & Lisa Bevere + Lisa Bevere","messengerinternational.org","https://www.linkedin.com/company/messengerinternational","11-50 employees","Messenger International exists to develop uncompromising followers of Christ who transform our world.","Response","Parachurch organization","donations/contributions, retail sales, special-event fees/registrations, honoraria/speaker fees, ...","donations/contributions, retail sales, special-event fees/registrations, honoraria/speaker fees, royalties/licensing income","$1M - $5M",,,,,"https://facebook.com/messengerintl","https://www.instagram.com/messengerintl/","42300","No radio or TV programming details available for Messenger International","{""name"":""Spotify"",""url"":""https://open.spotify.com/show/7aCv1xCAxKHBp2Q0YcJAgE?si=a77bd4f1d5484073...","Spotify, Spotify, Spotify, Spotify, Spotify, Spotify, Youtube, Youtube, Youtube, Youtube, Youtube, Youtube, Youtube, Apple Podcasts, Apple Podcasts, Apple Podcasts, Apple Podcasts, Apple Podcasts, Apple Podcasts, Libsyn, Messengerx","Streaming Platform, Podcast Directory, Mobile App","❌ No spend data found",,"https://podcasts.apple.com/ca/podcast/the-messenger-podcast/id1269197960","https://podcasts.apple.com/ca/podcast/the-messenger-podcast/id1269197960","0","Response","Response","{""matchedCompany"":""bible.com"",""evidenceUrl"":""https://www.bible.com/gu/videos/publishers/172-messe...","Messenger International is a content provider for YouVersion, as evidenced by a page on bible.com. Specifically, bible.com (which is associated with YouVersion) thanks Arden Bevere with Messenger International for providing video content. No other companies from the provided list were found to have an explicit customer or user relationship with Messenger International."
"Messenger International","John & Lisa Bevere + Lisa Bevere","lisabevere.com",,,,"Response","Media Ministry","Transactional, Advertising/Sponsorship, Donations, Subscription","Transactional, Advertising/Sponsorship, Donations, Subscription","$10M - $25M",,,,,,"https://www.instagram.com/lisabevere/","951000","No radio or TV programming details available for Messenger International","{""name"":""MessengerX App"",""url"":""https://messengerx.com/download"",""frequency"":null,""marketCity"":nu...","Messengerx App, Youtube, Youtube, Youtube, Youtube, Youtube, Youtube, Spotify, Spotify, Spotify, Spotify, Spotify, Apple Podcasts, Simplecast, Apple Podcasts, Apple Podcasts","Mobile App, Streaming Platform, Podcast Directory","❌ No spend data found",,"https://podcasts.apple.com/ca/podcast/the-messenger-podcast/id1269197960","https://podcasts.apple.com/ca/podcast/the-messenger-podcast/id1269197960","0","Response","Response","{""matchedCompany"":""youversion.com"",""evidenceUrl"":""https://www.bible.com/reading-plans/18622-stron...","Messenger International (lisabevere.com) is explicitly listed on YouVersion/Bible.com. Evidence shows Messenger International (and Lisa Bevere) have an organization page on Bible.com (YouVersion) and a Bible.com reading plan that thanks ‘John & Lisa Bevere (Messenger Int'l)’ and links to lisabevere.com. Based on the requirement to return matches only for companies in the provided list, this yields matches for: - youversion.com - bible.com"
"Mike Kai","Mike Kai","mikekai.tv",,,,"Response","Church","Subscription, Transactional, Donations","Subscription, Transactional, Donations",,,,,,,"https://www.instagram.com/mikekai/","17600","Radio, TV","{""name"":""Apple Podcasts"",""url"":""https://podcasts.apple.com/us/podcast/pound-for-pound-leader/id14...","Apple Podcasts, Spotify, Youtube, Oneplace, Spotify","Podcast Directory, Streaming Platform, Online Radio","❌ No spend data found",,"https://podcasts.apple.com/us/podcast/pound-for-pound-leader/id1476454395","https://podcasts.apple.com/us/podcast/pound-for-pound-leader/id1476454395","0.8","Response","Response","{""matchedCompany"":""bible.com"",""evidenceUrl"":""https://www.bible.com/reading-plans/28229-that-doesn...","Mike Kai (mikekai.tv) is a content contributor/publisher on Bible.com (YouVersion). Explicit evidence was found on Bible.com showing Mike Kai content (reading plan and publisher videos) that link to mikekai.tv. No explicit customer/partner relationships were found with any of the other listed companies."
"Miles McPherson","Miles McPherson","milesmcpherson.com",,,,"Response","Church","Donations (one-time & recurring), One-time product/media sales (books, DVDs, leader guides, merch...","Donations (one-time & recurring), One-time product/media sales (books, DVDs, leader guides, merchandise), Event/speaking fees, Paid training/courses/offers",,,,,,"pastor.miles.mcpherson","https://www.instagram.com/milesmcpherson/","213000","Both","{""name"":""Apple Podcasts"",""url"":""https://podcasts.apple.com/us/podcast/rock-church-weekend-message...","Apple Podcasts, Rss Feed, Rock Church Website, Youtube, Youtube, Spotify","Podcast Directory, Online Radio, Streaming Platform","❌ No spend data found",,"https://podcasts.apple.com/us/podcast/rock-church-weekend-messages-w-pastor-miles-mcpherson/id538...","https://podcasts.apple.com/us/podcast/rock-church-weekend-messages-w-pastor-miles-mcpherson/id538247025","0","Response","Response","{""matchedCompany"":""bible.com"",""evidenceUrl"":""https://www.bible.com/videos/publishers/3479-miles-m...","Miles McPherson (milesmcpherson.com) is a customer of bible.com and youversion.com. No other explicit customer relationships with the remaining listed companies were found in publicly accessible, authoritative pages during this research."
"Mission Aviation Fellowship","Mission Aviation Fellowship","maf.org","https://www.linkedin.com/company/mission-aviation-fellowship","201-500 employees","Mission Aviation Fellowship was founded in 1945 by a group of WWII pilots who had a vision for how aviation could be used to help spread the Gospel.

Since those early days, we have been an indispensable partner and servant to some 500 Christian organizations, humanitarian agencies, and more. We enable and maximize evangelism and church nurturing, medical assistance, disaster response, and community development, as well as the training and development of indigenous people. 

Using aviation, we desire to see isolated people changed by the love of Christ by serving together to bring help, hope, and healing. We meet the physical and spiritual needs of isolated people in 42 countries throughout Asia, Africa, Eurasia and Latin America, operating a fleet of 47 light aircraft. Dedicated missionary families raise their own ministry support to serve as the hands and feet of Christ to those in need.","Response","Parachurch organization","Charitable contributions/donations/grants, Fees for services","Charitable contributions/donations/grants, Fees for services","$25M - $50M",,,,,"http://www.facebook.com/maf.org","https://www.instagram.com/maf_us/","18300","Both","{""name"":""SoundCloud"",""url"":""https://soundcloud.com/maf_us/sets/from-the-hangar?si=ed8795e221794b0...","Soundcloud, Youtube, Apple Podcasts, Spotify","Streaming Platform, Podcast Directory","❌ No spend data found",,"https://podcasts.apple.com/us/podcast/from-the-hangar/id1328016494","https://podcasts.apple.com/us/podcast/from-the-hangar/id1328016494","1","Response","Response","{""matchedCompany"":""None found"",""evidenceUrl"":"""",""evidenceSnippet"":""""}","I performed exhaustive searches of maf.org (site content and specific pages) and targeted searches of the listed companies' sites for any explicit evidence that Mission Aviation Fellowship (maf.org) is a customer or user of any company in the provided list. No explicit evidence was found linking Mission Aviation Fellowship to any of the listed companies."
"Mobberly Baptist Church","Andrew Hebert","mobberly.org","https://www.linkedin.com/company/mobberly-baptist-church","51-200 employees","MBC seeks to lead all people into a life changing, ever growing relationship with Jesus Christ.","Response","Church","Donations, Transactional","Donations, Transactional","$25M - $50M","Dr. Andrew Hébert",,"Southern Baptist",2,"http://www.facebook.com/mobberlybaptist","https://www.instagram.com/mobberlybaptist/","2618","Both","{""name"":""Mobberly Baptist Church Website"",""url"":""https://mobberly.org/podcasts/"",""frequency"":null...","Mobberly Baptist Church Website, Mobberly Baptist Church Website, Mobberly Baptist Church Website, Apple Podcasts, Spotify, Youtube, Youtube, Google Podcasts","Other, Podcast Directory, Streaming Platform","❌ No spend data found",,"https://podcasts.apple.com/us/podcast/mobberly-baptist-church/id1437286017","https://podcasts.apple.com/us/podcast/mobberly-baptist-church/id1437286017","1.3","Response","Response","{""matchedCompany"":""pushpay.com"",""evidenceUrl"":""https://mobberly.org/online/"",""evidenceSnippet"":""G...","[ { ""matchedCompany"": ""pushpay.com"", ""evidenceUrl"": ""https://mobberly.org/online/"", ""evidenceSnippet"": ""Give Online (https://pushpay.com/g/mobberly)"" } ]"
"Moral Tea Podcast	","Renee Kennedy","https://www.themoraltea.com/",,,,"Response","Podcast","Advertising/Sponsorship (inferred), Product sales (books/merch), Affiliate/Referral (inferred)","Advertising/Sponsorship (inferred), Product sales (books/merch), Affiliate/Referral (inferred)",,,,,,,"https://www.instagram.com/moralteapodcast/","625","TV","{""name"":""Apple Podcasts"",""url"":""https://podcasts.apple.com/us/podcast/moral-tea/id1681439724"",""fr...","Apple Podcasts, Spotify, Spotify For Podcasters, Youtube, Castbox, Podcast Addict, Overcast, Pocket Casts, Anchor","Podcast Directory, Streaming Platform, Other","❌ No spend data found",,"https://podcasts.apple.com/us/podcast/moral-tea/id1681439724","https://podcasts.apple.com/us/podcast/moral-tea/id1681439724","0.7","Response","Response","{""matchedCompany"":""None found"",""evidenceUrl"":"""",""evidenceSnippet"":""""}","No customer relationships were found between Moral Tea Podcast and the specified list of companies."
"Mount Zion Baptist Church","Dr. Joseph W. Walker, III","mtzionnashville.org","https://www.linkedin.com/company/mt.-zion-baptist-church","11-50 employees","Check out your company's website.","Response","Church","Donations","Donations","$1M - $5M","Bishop Joseph W. Walker III",30000,"Baptist",4,"http://www.facebook.com/mtzionnashville","https://www.instagram.com/mtzionnashville/","44400","TV","{""name"":""YouTube"",""url"":""https://www.youtube.com/@mtzionnashville"",""frequency"":null,""marketCity"":...","Youtube, Pray Com, Apple Podcasts, Spotify, Charisma Podcast Network, Rss Com, Audacy","Streaming Platform, Podcast Directory","❌ No spend data found",,"https://podcasts.apple.com/us/podcast/3ps-on-a-pod/id1561613083","https://podcasts.apple.com/us/podcast/3ps-on-a-pod/id1561613083","1.3","Response","Response","{""matchedCompany"":""None found"",""evidenceUrl"":"""",""evidenceSnippet"":""""}","No explicit, authoritative evidence was found to indicate that Mount Zion Baptist Church (mtzionnashville.org) is a customer or user of any of the specified companies: youversion.com, angel.com, bible.com, pushpay.com, pulpitai.com, christianpost.com, gloo.us, glorify.com, simplecast.com, abideomaha.org, sharefaith.com, faithwire.com, churchtechonline.com, cbndigital.com.tr, ytatv.com, churchtranslation.org, rightnowmedia.org, livevoice.io, cbn.com, emfmedia.com, salemmedia.com, daystar.com, tct.tv, bottradionetwork.com, afr.net, wrjz.com, ytatv.com, tbn.org. The search included primary site inspection of mtzionnashville.org and checks on vendor sites and broad web queries. While other services like Pray.com, Plan Left, mtzionresource.org, YouTube, and Subsplash were identified as being used by the church, these were not part of the target list."
"Nichols Group","Rachel Rodgers","nicholsgroup.com",,,,"Response","Agency","Not found","Not found","$100M - $250M",,,,,"","https://www.instagram.com/nichols_group/","901","No radio or TV programming details available for Nichols Group","{""name"":""noResults"",""url"":null,""frequency"":null,""marketCity"":null,""channelType"":""other"",""showOrCh...","Noresults","Other","❌ No spend data found",,"Response","",,"Response",,"{""matchedCompany"":""None found"",""evidenceUrl"":"""",""evidenceSnippet"":""""}","After exhaustive searches of nicholsgroup.com and authoritative pages of the listed companies, no explicit, authoritative evidence was found that Nichols Group (nicholsgroup.com) is a customer, user, or partner of any companies on the provided list. Therefore, no matches were found."
"No Data","Jordan Brice","hubvonline.com",,,,"Response","Church","Not found","Not found","$5M - $10M",,,,,,"https://www.instagram.com/reel/C1pJCOXuPlP/","Response","No radio or TV programming details available for No Data","{""name"":""YouTube"",""url"":""https://www.youtube.com/@hubonlinenetwork1821"",""frequency"":null,""marketC...","Youtube","Streaming Platform","❌ No spend data found",,"Response","",,"Response",,"{""matchedCompany"":""None found"",""evidenceUrl"":"""",""evidenceSnippet"":""""}","No explicit customer or user relationship was found between No Data (hubvonline.com) and any of the listed companies: youversion.com, angel.com, bible.com, pushpay.com, pulpitai.com, christianpost.com, gloo.us, glorify.com, simplecast.com, abideomaha.org, sharefaith.com, faithwire.com, churchtechonline.com, cbndigital.com.tr, ytatv.com, churchtranslation.org, rightnowmedia.org, livevoice.io, cbn.com, emfmedia.com, salemmedia.com, daystar.com, tct.tv, bottradionetwork.com, afr.net, wrjz.com, ytatv.com, tbn.org."
"Old North Church","Dr. Nick Gatzke","oldnorthchurch.org","https://www.linkedin.com/company/old-north-baptist-church",,,"Response","Church","Donations, E-commerce, Transactional","Donations, E-commerce, Transactional","$0-$1M",,,,,"oldnorthchurch","https://www.instagram.com/oncinmhd/","137","Radio","{""name"":""Old North Church Website"",""url"":""https://oldnorthchurch.org/podcast-series/current-serie...","Old North Church Website, Youtube, Apple Podcasts, Siriusxm, 103 3 Cleveland, Vimeo, A Better Word Radio Ministry","Other, Streaming Platform, Podcast Directory, Satellite Radio, Radio Station, Online Radio","✅ Spend data found for oldnorthchurch.org",2431.880820825696,"https://podcasts.apple.com/us/podcast/old-north-church/id1600581297","https://podcasts.apple.com/us/podcast/old-north-church/id1600581297","0","Response","Response","{""matchedCompany"":""None found"",""evidenceUrl"":"""",""evidenceSnippet"":""""}","Based on a thorough search of Old North Church's public web presence and credible third-party sites, no explicit evidence was found to indicate that Old North Church (oldnorthchurch.org) is a customer or user of any of the specified companies. Therefore, no matches were found."
"ONE&ALL","Jeff Vines","oneandall.media",,,,"Response","Media Ministry","Donations, Institutional funding (Church support), Partnerships/Sponsorships","Donations, Institutional funding (Church support), Partnerships/Sponsorships",,,,,,,,,"Radio, TV","{""name"":""Apple Podcasts"",""url"":""https://podcasts.apple.com/us/podcast/one-all-weekend-podcast/id8...","Apple Podcasts, Spotify, Spreaker, Spreaker, Iheartradio, Amazon Music, Tunein, Youtube, One All Church Weekend Podcast Site Page, One All Church Conversations Podcast Site Page, One All Church Daily Podcast Site Page, Vision Christian Media, Ucb Asia Pacific","Podcast Directory, Streaming Platform, Online Radio, Other","❌ No spend data found",,"https://podcasts.apple.com/us/podcast/one-all-weekend-podcast/id80986906","https://podcasts.apple.com/us/podcast/one-all-weekend-podcast/id80986906","1","Response","Response","{""matchedCompany"":""None found"",""evidenceUrl"":"""",""evidenceSnippet"":""""}","After exhaustive searches of ONE&ALL's site (oneandall.media) and targeted searches of the listed companies' public sites and general web searches for explicit partner/customer references, no explicit evidence was found that ONE&ALL (oneandall.media) is a customer, user, or partner of any of the specified companies. Conclusion: None found."
"ONE FOR ISRAEL","One For Israel","oneforisrael.org","https://www.linkedin.com/company/oneforisrael","51-200 employees","ONE FOR ISRAEL is an initiative of native-born Israelis on the forefront of high-tech media evangelism, proclaiming salvation to Israel, raising up spiritual leaders through ONE FOR ISRAEL’s Bible College and equipping them with the tools they need to transform our communities.  
OUR MESSIAH JESUS HAS BEEN
THE BEST KEPT SECRET AMONG THE JEWISH PEOPLE
BUT TODAY, a group of native-born Israelis are bringing the Gospel Light back to Israel again. Using innovative methods and technologies, ONE FOR ISRAEL is sending God’s Word out again from Zion throughout the world proclaiming the Gospel of Messiah.  We've reached hundreds of millions around the globe and over 45 Million views in Israel alone with our testimonies Gospel presentations and apologetics resources.
Established in 1990, ONE FOR ISRAEL began as a Bible college and has since expanded to a multi-faceted ministry with the express goal of reaching Israelis with the Good News of Yeshua, training and equipping the Body of Messiah in Israel, and blessing our community with Yeshua’s love. WE ARE THE ONLY ACCREDITED, EVANGELICAL HEBREW-SPEAKING, SEMINARY IN THE WORLD.

The story and ministry of ONE FOR ISRAEL is part of something much larger – the miraculous restoration of the Jewish people and the miraculous unity between Jewish and Arab believers in Jesus.

We are seeing not only the physical restoration of Israel after a 2000-year exile, but a spiritual revolution is taking place right in front of our eyes. Jewish people are returning to their God and accepting the Messiah in numbers not seen since the early church! Not only that, but many Arab people are coming to the Lord and many Arab believers are finding a deep unity with their Jewish brothers and sisters.

ONE FOR ISRAEL exists to do ministry within this miracle.

We are Jews and Arabs, together serving Messiah Jesus, sharing the Gospel with Israel and the world, making disciples, training leaders, and blessing our communities in the name of Yeshua.","Response","Parachurch organization","Donations / Charitable contributions","Donations / Charitable contributions","$10M - $25M",,,,,"https://facebook.com/oneforisrael","https://www.instagram.com/iamoneforisrael/","85900","Both","{""name"":""Apple Podcasts"",""url"":""https://podcasts.apple.com/us/podcast/pod-for-israel-biblical-ins...","Apple Podcasts, Spotify, Youtube, Agape Fm, Agape Fm Ios App, Agape Fm Android App, Alexa Skill","Podcast Directory, Streaming Platform, Radio Station, Mobile App, Other","✅ Spend data found for oneforisrael.org",275.88649970293045,"https://podcasts.apple.com/us/podcast/pod-for-israel-biblical-insights-from-israel/id1480254892","https://podcasts.apple.com/us/podcast/pod-for-israel-biblical-insights-from-israel/id1480254892","0","Response","Response","{""matchedCompany"":""None found"",""evidenceUrl"":"""",""evidenceSnippet"":""""}","After exhaustive searches of One For Israel’s canonical website (oneforisrael.org) and targeted searches of each listed company’s official domains and public pages, no explicit, authoritative evidence was found that ONE FOR ISRAEL (oneforisrael.org) is a customer, partner, or user of any company from the provided list. Therefore, the result is: None found."
"One Voice Ministries","Hank & Brenda Kunneman","hankandbrenda.org",,,,"Response","Media Ministry","Donations/fundraising, Product sales/merchandise","Donations/fundraising, Product sales/merchandise","$5M - $10M",,,,,,,,"TV","{""name"":""Buzzsprout"",""url"":""https://www.buzzsprout.com/2555266"",""frequency"":null,""marketCity"":nul...","Buzzsprout, Apple Podcasts, Iheart, Youtube, One Voice Tv Ovtv, One Voice Tv Ovtv App, One Voice Tv Ovtv App, Pray Com Omny Fm","Podcast Directory, Streaming Platform, Mobile App","❌ No spend data found",,"https://podcasts.apple.com/au/podcast/one-voice-in-the-wilderness/id1856538607","https://podcasts.apple.com/au/podcast/one-voice-in-the-wilderness/id1856538607","1","Response","Response","{""matchedCompany"":""None found"",""evidenceUrl"":"""",""evidenceSnippet"":""""}","None found."
"OpenDoor Church","Troy Brewer","opendoorexperience.com","https://www.linkedin.com/company/opendoor-church","11-50 employees","OpenDoor is a community of believers who have a passionate desire to provide a safe and welcoming place where you can personally Experience Real Life in Jesus Christ. OpenDoor is not just our name, it’s a description of who we strive to be.","Response","Church","Donations, Subscription (recurring giving), E-commerce","Donations, Subscription (recurring giving), E-commerce","$1M - $5M","Troy Brewer",,"Non-denominational",1,"http://www.facebook.com/OpenDoorExp","https://www.instagram.com/opendoorexp/","3363","TV","{""name"":""YouTube"",""url"":""https://www.youtube.com/watch?v=7bNvujK9qb0&list=PLaTRspGowZERYSmrdO2AnN...","Youtube, Spotify, Apple Podcasts, Spotify, Apple Podcasts, Spotify, Apple Podcasts, Youtube, Spotify, Apple Podcasts, Apple Podcasts","Streaming Platform, Podcast Directory","❌ No spend data found",,"https://podcasts.apple.com/us/podcast/opendoor-church/id1233364335","https://podcasts.apple.com/us/podcast/opendoor-church/id1233364335","1","Response","Response","{""matchedCompany"":""None found"",""evidenceUrl"":"""",""evidenceSnippet"":""""}","No explicit, authoritative evidence was found linking OpenDoor Church (opendoorexperience.com) as a customer or partner to any of the listed companies: youversion.com, angel.com, bible.com, pushpay.com, pulpitai.com, christianpost.com, gloo.us, glorify.com, simplecast.com, abideomaha.org, sharefaith.com, faithwire.com, churchtechonline.com, cbndigital.com.tr, ytatv.com, churchtranslation.org, rightnowmedia.org, livevoice.io, cbn.com, emfmedia.com, salemmedia.com, daystar.com, tct.tv, bottradionetwork.com, afr.net, wrjz.com, ytatv.com, tbn.org."
"Oral Roberts University","GEB America","geb.tv",,,,"Response","Other","Donations, Advertising/Sponsorship/Airtime Sales, Distribution/Licensing","Donations, Advertising/Sponsorship/Airtime Sales, Distribution/Licensing","$100M - $250M",,,,,"80023746467","https://www.instagram.com/geb_network/","537","Both","{""name"":""Apple Podcasts"",""url"":""https://podcasts.apple.com/us/podcast/oru-podcast/id1733925321"",""...","Apple Podcasts, Spotify, Deezer, Libsyn Oru Podcast Show Page, Youtube, Lifestream Live, Lifestream Vod Channel, Geb Tv Network Ios, Geb Tv Network Android, Directv, Tunein, Lifestream Amazon Fire App Geb","Podcast Directory, Streaming Platform, Online Radio, Mobile App, Satellite Radio","❌ No spend data found",,"https://podcasts.apple.com/us/podcast/oru-podcast/id1733925321","https://podcasts.apple.com/us/podcast/oru-podcast/id1733925321","0.8","Response","Response","{""matchedCompany"":""bible.com"",""evidenceUrl"":""https://www.bible.com/organizations/9f35fd9f-1170-42...","Oral Roberts University (geb.tv) is a customer or content provider for bible.com and rightnowmedia.org. No other customer relationships were explicitly found with the other listed companies."
"Passion For Truth","Jim Staley ","www.passionfortruth.com","https://www.linkedin.com/company/passion-for-truth","2-10 employees",,"Response","Media Ministry","Donations, Transactional","Donations, Transactional","$5M - $10M",,,,,"http://www.facebook.com/passionfortruth","https://www.instagram.com/passionfortruthministries/","3326","TV","{""name"":""Spotify"",""url"":""https://open.spotify.com/show/40mEFAFo9iARfEsoBhuiRz"",""frequency"":null,""...","Spotify, Youtube, Podchaser, Podomatic, Rss Feed, Passion For Truth Website, Facebook, Instagram, Rumble","Streaming Platform, Podcast Directory, Other, Online Radio","❌ No spend data found",,"https://podcasts.apple.com/ph/podcast/the-life-podcast/id1727258949","https://podcasts.apple.com/ph/podcast/the-life-podcast/id1727258949","1.3","Response","Response","{""matchedCompany"":""None found"",""evidenceUrl"":"""",""evidenceSnippet"":""""}","No explicit, authoritative evidence was found that Passion For Truth (passionfortruth.com) is a customer, user, or partner of any company in the provided list. Therefore the output for the task is: None found."
"Pathway to Victory","Julia Jeffress","ptv.org","https://www.linkedin.com/company/pathway-to-heaven-baptist-church","2-10 employees",,"Response","Media Ministry","Donations, Transactional","Donations, Transactional",,,,,,"drjeffress","No official Instagram account is linked on ptv.org for ""Pathway to Victory"" (ptv.org). The company (Pathway to Victory) is a ministry of First Baptist Dallas; First Baptist Dallas' official Instagram account — which is the closest official Instagram presence linked to PTV — is: https://instagram.com/firstdallas/. Related official account: Dr. Robert Jeffress (PTV's leader) uses the Instagram account https://instagram.com/robertjeffress/ (used to promote Pathway to Victory content and links to ptv.org). If you require only an Instagram account explicitly branded ""Pathway to Victory,"" one does not appear to be present or linked from the official ptv.org site as of 2026-01-13; therefore the official linked Instagram representation is the parent organization’s account above.","12600","Both","{""name"":""Pathway to Victory Website"",""url"":""https://ptv.org/listen/"",""frequency"":null,""marketCity...","Pathway To Victory Website, Various Radio Stations, Apple Podcasts, Spotify, Iheartradio, Tunein, Youtube","Online Radio, Radio Station, Podcast Directory, Streaming Platform","✅ Spend data found for ptv.org",1173.9788341522217,"https://podcasts.apple.com/us/podcast/pathway-to-victory/id611239356","https://podcasts.apple.com/us/podcast/pathway-to-victory/id611239356","0","Response","Response","{""matchedCompany"":""None found"",""evidenceUrl"":"""",""evidenceSnippet"":""""}","No explicit evidence was found that Pathway to Victory (ptv.org) is a customer/user/partner of any company from the provided list. Final match list: None found."
"Patria Church","Adam Mesa","patria.church","https://www.linkedin.com/company/abundant-living-family-church","51-200 employees","Abundant Living Family Church exists to seek the lost, teach the found & send the disciples.","Response","Church","Donations (one-time and recurring/auto-tithe), Transactional (event/course registration fees)","Donations (one-time and recurring/auto-tithe), Transactional (event/course registration fees)","$10M - $25M","Adam Mesa",,"Non-Denominational",5,"facebook.com/abundantlivingfamilychurch","https://www.instagram.com/patria.faith/","27100","TV","{""name"":""Apple Podcasts"",""url"":""https://podcasts.apple.com/us/podcast/patria-sermons/id1535216970...","Apple Podcasts, Spotify, Amazon Music, Spreaker, Youtube","Podcast Directory, Streaming Platform","❌ No spend data found",,"https://podcasts.apple.com/us/podcast/patria-sermons/id1535216970","https://podcasts.apple.com/us/podcast/patria-sermons/id1535216970","1.3","Response","Response","{""matchedCompany"":""pushpay.com"",""evidenceUrl"":""https://www.patria.church/give"",""evidenceSnippet"":...","Patria Church (patria.church) is a customer/user of pushpay.com. This is evidenced by explicit links on its 'Give' page that direct users to Pushpay donation pages for various Patria Church locations. No other explicit matches were found among the provided vendor list."
"Paul Revere Films LLC","David Tice","griddownpowerup.com",,,,"Response","Media Channel","Donations/Crowdfunding, Licensing/Distribution, Grants/Philanthropic Funding, Sponsorships/Partne...","Donations/Crowdfunding, Licensing/Distribution, Grants/Philanthropic Funding, Sponsorships/Partnerships","$0-$1M",,,,,,"https://www.instagram.com/griddownpowerup/","34500","TV","{""name"":""SalemNOW"",""url"":""https://watch.salemnow.com/pages/home/d/salemnow"",""frequency"":null,""mar...","Salemnow, Youtube, Grid Down Power Up Official Website, Earthx Tv Earthx Media","Streaming Platform, Other","❌ No spend data found",,"https://podcasts.apple.com/ee/podcast/the-shawn-ryan-show/id1492492083","https://podcasts.apple.com/ee/podcast/the-shawn-ryan-show/id1492492083","0","Response","Response","{""matchedCompany"":""None found"",""evidenceUrl"":"""",""evidenceSnippet"":""""}","I searched the target domain (griddownpowerup.com) for customer/partner/client pages and for explicit mentions of each company in the provided list. I also searched the web and the listed companies’ public sites for any explicit evidence that Paul Revere Films LLC (griddownpowerup.com) is a customer/user of any of the listed companies. Findings: no explicit evidence was found that Paul Revere Films LLC or griddownpowerup.com is a customer or user of any of the companies in the provided list. The target site shows donation/fundraising links (GoFundMe/credit card forms) and media coverage by outlets such as CBN, but none of these constitute an explicit customer relationship with the listed companies. Therefore: None found."
"PowerPoint Ministries","Jack Graham","jackgraham.org",,,,"Response","Media Ministry","Donations","Donations","$5M - $10M",,,,,"http://www.facebook.com/PPTMinistries",,,"Radio and TV","{""name"":""Radio Station Finder"",""url"":""https://jackgraham.org/find-a-station/"",""frequency"":null,""m...","Radio Station Finder, Lightsource, Oneplace, Apple Podcasts, Apple Podcasts, Spotify, Youtube, Premier Plus, Lightsource","Radio Station, Online Radio, Podcast Directory, Streaming Platform, Other","❌ No spend data found",,"https://podcasts.apple.com/us/podcast/powerpoint-on-oneplace-com/id661055578","https://podcasts.apple.com/us/podcast/powerpoint-on-oneplace-com/id661055578","0","Response","Response","{""matchedCompany"":""None found"",""evidenceUrl"":"""",""evidenceSnippet"":""""}","No customer relationships were found between PowerPoint Ministries and the specified companies."
"Power Walk Ministries","Paul Cannings","powerwalkministries.org","https://www.linkedin.com/company/power-walk-ministries","2-10 employees","Serving Ministry Leaders and Believers Worldwide.

Led by Pastor Paul Cannings, Power Walk Ministries challenges believers to leave their comfort zone and put their faith into action through leadership conferences, mission trips, and spiritual growth-focused resources.","Response","Parachurch organization","Donations, Product Sales, Event Ticketing/Partnerships/Sponsorships/Media Revenue","Donations, Product Sales, Event Ticketing/Partnerships/Sponsorships/Media Revenue","$5M - $10M",,,,,"http://www.facebook.com/powerwalk","https://www.instagram.com/powerwalkministries/","231","Both","{""name"":""CSN Radio Network"",""url"":null,""frequency"":""90.7 FM"",""marketCity"":""Bakersfield / Bena"",""c...","Csn Radio Network, Csn Radio Network, Csn Radio Network, Apple Podcasts, Spotify, Iheartradio, Youtube, Khcb, Oneplace Com","Radio Station, Podcast Directory, Streaming Platform, Online Radio","❌ No spend data found",,"https://podcasts.apple.com/us/podcast/power-walk-ministries-on-oneplace-com/id1641761335","https://podcasts.apple.com/us/podcast/power-walk-ministries-on-oneplace-com/id1641761335","0","Response","Response","{""matchedCompany"":""None found"",""evidenceUrl"":""None found"",""evidenceSnippet"":""None found""}","No explicit evidence was found that Power Walk Ministries (powerwalkministries.org) is a customer, partner, or user of any of the listed companies. Final result: None found."
"Prestonwood Baptist Church","Jack Graham","prestonwood.org","https://www.linkedin.com/company/prestonwood-baptist-church","501-1,000 employees","Prestonwood is a diverse community of believers brought together by the transforming grace of Jesus Christ. A Southern Baptist church built on the inerrant truth of the Bible, Prestonwood shares the abiding love of God by caring for one another, and reaching into our neighborhoods, our region and the world with the Good News of salvation. Led for two decades by Pastor Jack Graham, Prestonwood is a church that brings God's Word to people in every situation, from all walks of life, helping them to grow in love and service to our Creator and Lord.","Response","Church","Donation-based, Planned Giving, Fundraising/Event Fees","Donation-based, Planned Giving, Fundraising/Event Fees","$25M - $50M","Dr. Jack Graham",,"Baptist",2,"http://www.facebook.com/prestonwoodbc","https://www.instagram.com/prestonwoodbc/","31545","Both","{""name"":""Prestonwood.org"",""url"":""https://prestonwood.org/media/watch-services/"",""frequency"":null,...","Prestonwood Org, Church Online, Youtube, Facebook Live, Lightsource Com, Apple Podcasts, Prestonwood App Ios, Prestonwood App Android, Roku Channel Store","Other, Streaming Platform, Podcast Directory, Mobile App","❌ No spend data found",,"https://podcasts.apple.com/us/podcast/prestonwood-baptist-church-on-lightsource-com-audio/id16198...","https://podcasts.apple.com/us/podcast/prestonwood-baptist-church-on-lightsource-com-audio/id1619833145","1","Response","Response","{""matchedCompany"":""pushpay.com"",""evidenceUrl"":""https://prestonwood.org/give/give-financially/"",""e...","I searched Prestonwood's site (prestonwood.org) and relevant vendor/customer pages for explicit statements linking Prestonwood Baptist Church to any companies in the provided list. I found explicit evidence for three companies: pushpay.com, rightnowmedia.org, and bible.com. For each match I recorded the authoritative URL on which the relationship is stated and provided verbatim excerpts from those pages. Steps taken: 1) Searched prestonwood.org pages and site search queries for vendor names and keywords (""customer"", ""partner"", ""uses"", ""RightNow"", ""Pushpay"", ""YouVersion/Bible App""). 2) Searched vendor domains and the wider web for pages mentioning Prestonwood. 3) Extracted the strongest single authoritative source for each confirmed relationship (prestonwood.org pages or the official vendor organization page). Findings (summary): - pushpay.com: Prestonwood's Give page explicitly states they have moved from Pushpay to SecureGive and refers to Pushpay as their previous platform. - rightnowmedia.org: Prestonwood's media resources page explicitly promotes RightNow Media as an online resource that is free for Prestonwood members. - bible.com: Bible App (YouVersion) has an organization page for ""Prestonwood Baptist Church,"" indicating Prestonwood is present on Bible.com/YouVersion. Matches and supporting citations provided below."
"Raising Capitalists Foundation","Russell Gray","raisingcapitalists.org","https://www.linkedin.com/company/the-raising-capitalists-foundation","2-10 employees",,"Response","Nonprofit","Donations/Grants, Endowment/Investment income","Donations/Grants, Endowment/Investment income",,,,,,,"No official Instagram profile URL could be found (information unavailable).","Response","No radio or TV programming details available for Raising Capitalists Foundation","{""name"":""noResults"",""url"":null,""frequency"":null,""marketCity"":null,""channelType"":""other"",""showOrCh...","Noresults","Other","❌ No spend data found",,"https://podcasts.apple.com/mx/podcast/18-summers-podcast-for-parents/id1517106300","https://podcasts.apple.com/mx/podcast/18-summers-podcast-for-parents/id1517106300","0","Response","Response","{""matchedCompany"":""None found"",""evidenceUrl"":"""",""evidenceSnippet"":""""}","Research complete: Searched Raising Capitalists Foundation (raisingcapitalists.org) and credible third-party sources for explicit evidence that Raising Capitalists Foundation (raisingcapitalists.org) is a customer/user/partner of any company in the provided list. No explicit evidence found. Summary of steps and findings below."
"Realationships Inc.","Dr. Tom and Sherry Tufts","therealationships.pro","https://www.linkedin.com/company/realationships-inc","2-10 employees",,"Response","Nonprofit","Donation- and grant-based fundraising (donations, grants)","Donation- and grant-based fundraising (donations, grants)",,,,,,,"https://www.instagram.com/therealationships.pro/","Response","No radio or TV programming details available for Realationships Inc.","{""name"":""Buzzsprout"",""url"":""https://www.buzzsprout.com/2056830"",""frequency"":null,""marketCity"":nul...","Buzzsprout, Spotify, Apple Podcasts, Island 98 5, Iheartradio, Youtube","Podcast Directory, Streaming Platform, Radio Station","❌ No spend data found",,"https://podcasts.apple.com/us/podcast/the-realationship-method/id1647190549","https://podcasts.apple.com/us/podcast/the-realationship-method/id1647190549","1.2","Response","Response","{""matchedCompany"":""None found"",""evidenceUrl"":"""",""evidenceSnippet"":""""}","I searched the target site (therealationships.pro) and its linked site (realationships.ai) for customer/partner evidence and scanned authoritative pages on several listed vendor sites. I did not find any explicit, authoritative statement (logo, case study, testimonial, partner listing, or press release) that identifies Realationships Inc. (therealationships.pro / realationships.ai) as a customer/user/partner of any company in the provided list. Based on the searches and page fetches performed, the result is: None found."
"REALATIONSHIPS INC.","Dr. Tom and Sherry Tufts","drtomtufts.com",,,,"Response","Nonprofit","One-time (speaking/event fees), Donations, Product sales (store), Subscription (membership)","One-time (speaking/event fees), Donations, Product sales (store), Subscription (membership)",,,,,,,"https://www.instagram.com/reel/DIHesejxLHO/","275706251","Radio","{""name"":""Pray.com"",""url"":""https://www.pray.com/realcomm"",""frequency"":null,""marketCity"":null,""chan...","Pray Com, Realationships Inc Website, Youtube, Instagram, Iheartradio, Apple Podcasts","Streaming Platform, Other, Podcast Directory","❌ No spend data found",,"Response","",,"Response",,"{""matchedCompany"":""None found"",""evidenceUrl"":"""",""evidenceSnippet"":""""}","No explicit evidence was found that REALATIONSHIPS INC. (drtomtufts.com) is a customer, partner, or user of any company in the provided list. Therefore, the result is 'None found'."
"RealFaith Ministries","Mark Driscoll","realfaith.com","https://www.linkedin.com/company/realfaith","11-50 employees","At RealFaith, we’re all about changing lives with practical truth. From best-selling books to viral sermons, to in-depth classes and videos, our Bible-based resources help hundreds of millions of people around the globe each year to deepen their faith, love their family, and leave a legacy.

We are a nonprofit organization focused on content distribution, primarily centered around the teaching ministry of Pastor Mark Driscoll. Our mission is to transform lives through practical biblical truths. 

In 2024, we garnered over 1.5 billion impressions and reached 123 million people. Additionally, we have distributed 50,000 books to support spiritual growth, and we are experiencing rapid growth at a rate of ~75% year-over-year. 

RealFaith is a team of young, talented individuals coming together from various industries, including Facebook, Disney, startups, sales, and social media. We pride ourselves on our ability to scale rapidly, a feat typically seen only in tech growth companies.

Our ultimate goal is to become the second most impactful Bible teaching ministry ever, second only to Jesus.","Response","Media Ministry","Donations, Transactional","Donations, Transactional","Less than $1M",,,,,,"https://www.instagram.com/markdriscoll/","1300000","TV, Radio","{""name"":""RealFaith App (iOS)"",""url"":""https://apps.apple.com/us/app/realfaith/id1263652381"",""frequ...","Realfaith App Ios, Realfaith App Android, Realfaith Content Hub, Youtube, Spotify, Apple Podcasts, Spreaker","Mobile App, Streaming Platform, Podcast Directory","❌ No spend data found",,"Response","",,"Response",,"{""matchedCompany"":""bible.com"",""evidenceUrl"":""https://realfaith.com/howdy/"",""evidenceSnippet"":""Joi...","RealFaith Ministries is a customer/user of bible.com (YouVersion/Bible.com). The strongest evidence is RealFaiths own site pages that link to and promote Bible.com/YouVersion reading plans."
"Redemption Church","Roy Edwards","redemptioncg.org","https://www.linkedin.com/company/redemption-church-casa-grande",,,"Response","Church","Donations","Donations","$1M - $5M",,,,,,"https://www.instagram.com/redemption_church_cg/","281","Both","{""name"":""Podbean"",""url"":""https://pastorroye.podbean.com/"",""frequency"":null,""marketCity"":null,""cha...","Podbean, Podbean Rss Feed, Apple Podcasts, Spotify, Amazon Music, Youtube, Youtube","Podcast Directory, Streaming Platform","❌ No spend data found",,"Response","",,"Response",,"{""matchedCompany"":""pushpay.com"",""evidenceUrl"":""https://play.google.com/store/apps/details?id=io.e...","Redemption Church (redemptioncg.org) is a customer/user of pushpay.com. No explicit evidence was found linking Redemption Church to any of the other companies in the provided list."
"Restoring Issachar’s Generation","Tomi Arayomi","rigglobal.org",,,,"Response","Church","Donations, Grants","Donations, Grants",,,,,,,"https://www.instagram.com/rigdfw/","1842","No radio or TV programming details available for Restoring Issachar’s Generation","{""name"":""YouTube"",""url"":""https://www.youtube.com/@rignationusa/streams"",""frequency"":null,""marketC...","Youtube, Youtube, Youtube, Facebook, Rig Global App Ios, Rig Global App Android","Streaming Platform, Mobile App","❌ No spend data found",,"Response","",,"Response",,"{""matchedCompany"":""pushpay.com"",""evidenceUrl"":""https://rigglobal.org/"",""evidenceSnippet"":""\""Give ...","RIG Global (Restoring Issachar’s Generation, rigglobal.org) is a customer/user of pushpay.com. No other matches were found."
"Richard Ellis Talks","Richard Ellis","richardellistalks.com",,,,"Response","Media Ministry","Donations/Contributions (nonprofit)","Donations/Contributions (nonprofit)",,,,,,,"https://www.instagram.com/talkwithrichard/","1123","Radio","{""name"":""Apple Podcasts"",""url"":""https://podcasts.apple.com/us/podcast/richard-ellis-talks/id62639...","Apple Podcasts, Spotify, Youtube, Oneplace, Tunein, Iheartradio Prayradio, Pray Com, Amazon Alexa Oneplace Skill, Richardellistalks Com","Podcast Directory, Streaming Platform, Online Radio, Mobile App","❌ No spend data found",,"https://podcasts.apple.com/us/podcast/richard-ellis-talks/id626398296","https://podcasts.apple.com/us/podcast/richard-ellis-talks/id626398296","30","Response","Response","{""matchedCompany"":""None found"",""evidenceUrl"":"""",""evidenceSnippet"":""""}","Summary of research and conclusion: I searched Richard Ellis Talks (canonical domain: https://richardellistalks.com — no redirect) and credible third-party sources to find explicit, unambiguous evidence that Richard Ellis Talks (richardellistalks.com) is a customer, partner, or user of any company in the provided list (youversion.com, angel.com, bible.com, pushpay.com, pulpitai.com, christianpost.com, gloo.us, glorify.com, simplecast.com, abideomaha.org, sharefaith.com, faithwire.com, churchtechonline.com, cbndigital.com.tr, ytatv.com, churchtranslation.org, rightnowmedia.org, livevoice.io, cbn.com, emfmedia.com, salemmedia.com, daystar.com, tct.tv, bottradionetwork.com, afr.net, wrjz.com, ytatv.com, tbn.org). Steps taken: 1) Visited the canonical website (https://richardellistalks.com/) and inspected primary pages and site structure: home, talks (/talks/), connect (/connect/), and other site pages (privacy, contribute, donor dashboard). I followed the domain directly; it does not redirect elsewhere. 2) Performed site-limited searches (site:richardellistalks.com) for keywords noted in the instructions: ""case study"", ""customer"", ""client"", ""partner"", ""uses"", ""powered by"", ""integrates with"", and brand name/brand-variant queries (e.g., ""youversion"", ""pushpay"", ""simplecast"", ""rightnowmedia"", ""cbn"", ""tbn"", etc.). 3) Performed web-wide searches combining the exact organization name ""Richard Ellis Talks"" and the domain string ""richardellistalks.com"" with each brand/brand-variant from the list (e.g., ""Richard Ellis Talks"" ""Pushpay"", ""Richard Ellis Talks"" ""YouVersion"", etc.). 4) Checked credible third-party directories and media where Richard Ellis Talks appears (podcast directories and ministry directories) to confirm the organization identity and public presence, and to look for any partner/customer notes on those pages. Findings and analysis: - The Richard Ellis Talks site is an active nonprofit ministry site (homepage, talks archive, connect page, donate/donor dashboard). The site content and navigation do not include pages or sections naming customers, clients, partners, technology stack, case studies, or logo walls that reference any of the companies in the provided list. - Site search queries (site:richardellistalks.com with brand names and partner/customer keywords) returned no pages that explicitly state a customer/partner relationship with any company in the provided list. - Web-wide searches combining ""Richard Ellis Talks"" or ""richardellistalks.com"" with each brand/brand-variant from the list produced no explicit case studies, testimonials, partner pages, press releases, or customer listings on the listed companies’ domains that name Richard Ellis Talks. - Third-party pages (for example OnePlace and Apple Podcasts) confirm Richard Ellis Talks' identity and distribution (radio/podcast listings) but do not show any explicit customer/partner relationship with the listed companies. Conclusion: No explicit, unambiguous evidence was found that Richard Ellis Talks (richardellistalks.com) is a customer, partner, or user of any company in the provided list. Based on the searches and site inspections described above, the correct extraction is: None found. Result: None found (If you would like, I can output the final JSON array in the exact requested format next.)"
"Richard Roberts Ministries","Richard & Lindsay Roberts","richardroberts.org","https://www.linkedin.com/company/oral-roberts-ministries",,,"Response","Media Ministry","Donations/Contributions, Program service revenue, Royalties/Licensing, Sales/One-time","Donations/Contributions, Program service revenue, Royalties/Licensing, Sales/One-time","$0-$1M",,,,,,"https://www.instagram.com/richardrobertsofficial/","23100","TV","{""name"":""Apple Podcasts"",""url"":""https://podcasts.apple.com/us/podcast/expect-a-miracle-with-richa...","Apple Podcasts, Spotify, Charisma Podcast Network, Rss Com, Youtube, Facebook, Victory Channel Govictory, Govictory Ios, Govictory Android, The Healing Network Ios, The Healing Network Android, Miracles Television Ios, Miracles Television Roku Channel, Omny Prayradio, Directv, Dish, Glorystar, Loveworld Usa On Demand, Wvlr Ctn Tv 48 Knoxville Tn, Wfgc Channel 61","Podcast Directory, Streaming Platform, Mobile App, Online Radio, Other","❌ No spend data found",,"https://podcasts.apple.com/us/podcast/expect-a-miracle-with-richard-roberts/id1545716022","https://podcasts.apple.com/us/podcast/expect-a-miracle-with-richard-roberts/id1545716022","0.7","Response","Response","{""matchedCompany"":""pushpay.com"",""evidenceUrl"":""https://play.google.com/store/apps/details?id=io.p...","Richard Roberts Ministries (richardroberts.org) is a customer of pushpay.com. This association is explicitly evidenced by the ministry's Android app listing on Google Play, where the app's package and privacy link reference Pushpay. No explicit evidence was found linking Richard Roberts Ministries to any of the other companies in the provided list."
"RickWiles.com LLC","Rick Wiles","rickwiles.com",,,,"Response","Media Ministry","Donations, Subscription, Transactional","Donations, Subscription, Transactional",,,,,,,"https://www.instagram.com/realrickwiles/","4347","TV","{""name"":""Apple Podcasts"",""url"":""https://podcasts.apple.com/us/podcast/morning-manna/id1827038182""...","Apple Podcasts, Spreaker, Spotify, Player Fm, Youtube, Direct Tv Channel 373, Rickwiles Com","Podcast Directory, Streaming Platform, Other, Online Radio","❌ No spend data found",,"https://podcasts.apple.com/us/podcast/morning-manna/id1827038182","https://podcasts.apple.com/us/podcast/morning-manna/id1827038182","3.2","Response","Response","{""matchedCompany"":""None found"",""evidenceUrl"":"""",""evidenceSnippet"":""""}","After exhaustive site-targeted and company-site searches, I found no explicit, authoritative evidence that RickWiles.com LLC (rickwiles.com) is a customer, partner, or listed user of any company on the provided list. Planned final extraction: [{ ""matchedCompany"": ""None found"" }]."
"Risen Life Church","Michael Morisi","risenlife.us",,,,"Response","Church","Donations, Transactional, Event-based","Donations, Transactional, Event-based",,,,,,,"https://www.instagram.com/risenlife.church/","433","Both","{""name"":""Risen Life (website) - Media / Sermons"",""url"":""https://risenlife.us/podcasts/media"",""fre...","Risen Life Website Media Sermons, Apple Podcasts, Spotify, Amazon Music Podcasts, Podcast Addict, Podcastindex Org, Rss Feed Seriesengine, Youtube, Apple Podcasts","Streaming Platform, Podcast Directory, Other","❌ No spend data found",,"https://podcasts.apple.com/us/podcast/risen-life-church-podcast/id491952389","https://podcasts.apple.com/us/podcast/risen-life-church-podcast/id491952389","0","Response","Response","{""matchedCompany"":""None found"",""evidenceUrl"":""None found"",""evidenceSnippet"":""None found""}","Risen Life Church is not explicitly identified as a customer of any of the specified companies based on the available public information."
"RK Media","Dr. Nick Gatzke","rkmedia.co","https://www.linkedin.com/company/rkmediaco","11-50 employees","RK Media is a full-service agency that specializes in producing quality Christian programming for today's media. Working with our ministry clients and radio and television stations, our services include media time purchasing, station relations, broadcasting copy writing, editing and production, marketing and fundraising strategic planning, and direct mail content design. 

The influence of RK Media can be measured by the distinguished ministries we’re privileged to represent and the exceptional team assembled to serve them.","Response","Agency","Retainer (Subscription), One-time project/service fees, Commission on media buys","Retainer (Subscription), One-time project/service fees, Commission on media buys","$1M - $5M",,,,,"http://www.facebook.com/rkmediaco","https://www.instagram.com/rkmedia.in/","2425","Radio and TV","{""name"":""Amb-OS"",""url"":null,""frequency"":null,""marketCity"":null,""channelType"":""radioStation"",""show...","Amb Os, Ftp, Amb Os, Ftp, Amb Os, Ftp, Youtube","Radio Station, Other, Streaming Platform","❌ No spend data found",,"Response","",,"Response",,"{""matchedCompany"":""None found"",""evidenceUrl"":"""",""evidenceSnippet"":""""}","None found."
"Rock Church","Miles McPherson","sdrock.com","https://www.linkedin.com/company/therocksandiego","51-200 employees","The Rock is a multicultural church dedicated to helping people Know God, Grow in Community, and Make a Difference. 

We currently have five campuses in San Diego, California (Point Loma, San Marcos, El Cajon, Chula Vista, and City Heights) as well as one campus in Oahu, Hawaii. Miles McPherson, a former NFL player, has served as senior pastor since he founded the church in 2000.","Response","Church","Donations, Retail/Merchandise Sales, Events/Ticketing/Fundraising, Sponsorships/Grants","Donations, Retail/Merchandise Sales, Events/Ticketing/Fundraising, Sponsorships/Grants","$10M - $25M","Miles McPherson",19000,"Non-denominational",6,"https://www.facebook.com/therocksandiego","https://www.instagram.com/therocksandiego/","66000","Both","{""name"":""Apple Podcasts"",""url"":""https://itunes.apple.com/podcast/rock-church-weekend-messages-w-p...","Apple Podcasts, Apple Podcasts, Rss Feed, Rss Feed Video, Youtube, Rock Church Online, Apple Tv, Roku, Amazon Fire Tv","Podcast Directory, Other, Streaming Platform, Online Radio","❌ No spend data found",,"https://podcasts.apple.com/us/podcast/the-rock-church-weekend-messages-w-pastor-miles/id269332038","https://podcasts.apple.com/us/podcast/the-rock-church-weekend-messages-w-pastor-miles/id269332038","0","Response","Response","{""matchedCompany"":""bible.com"",""evidenceUrl"":""https://www.bible.com/organizations/9e908976-802f-46...","Rock Church (sdrock.com) is a customer of bible.com (YouVersion/Bible App) and simplecast.com. The Bible App has an organization page for ""Rock Church SD"" that references the church and links to sdrock.com. Additionally, Rock Church uses Simplecast for podcast hosting/distribution, as evidenced by their Simplecast-hosted podcast page."
"Rodgers Collective Inc.","Rachel Rodgers","rachelerodgers.com",,,,"Response","Agency","Subscription (membership), One-time payments for courses/programs/events, High-ticket coaching/co...","Subscription (membership), One-time payments for courses/programs/events, High-ticket coaching/consulting/masterminds (transactional), Book retail sales, Speaking/events fees, Affiliate/Donation revenue streams","$1M - $5M",,,,,,"https://www.instagram.com/rachelelizabethrodgers/","1769","TV","{""name"":""Pray.com"",""url"":""https://www.pray.com/rachelerodgers"",""frequency"":null,""marketCity"":null...","Pray Com, Spotify, Apple Podcasts, Youtube, Iheart Prayradio, Omny Prayradio","Streaming Platform, Podcast Directory, Online Radio","❌ No spend data found",,"https://podcasts.apple.com/us/podcast/hello-seven-podcast/id1441242814","https://podcasts.apple.com/us/podcast/hello-seven-podcast/id1441242814","0.2","Response","Response","{""matchedCompany"":""None found"",""evidenceUrl"":"""",""evidenceSnippet"":""""}","Conclusion (final answer): None found Notes on scope and evidence: All searches used only publicly accessible pages and site-search techniques described in the instructions. I only accepted explicit, unambiguous statements as evidence. The searches produced no such statements linking Rodgers Collective Inc. / rachelerodgers.com to any of the listed companies."
"Roy Edwards Ministries","Roy Edwards","royedwards.org",,,,"Response","Media Ministry","Donations, One-time sales (book/merchandise/affiliate), Event registration / Pay-what-you-can, Fr...","Donations, One-time sales (book/merchandise/affiliate), Event registration / Pay-what-you-can, Freemium (free courses)",,,,,,,"https://www.instagram.com/pastorroye/","Response","Radio","{""name"":""Roy Edwards Ministries (Website) - In The Word"",""url"":""https://www.royedwards.org/in-the...","Roy Edwards Ministries Website In The Word, Podbean, Spotify, Apple Podcasts, Iheart, Player Fm, Amazon Music, Pray Com, Youtube","Online Radio, Podcast Directory, Streaming Platform","❌ No spend data found",,"https://podcasts.apple.com/us/podcast/in-the-word-with-roy-edwards/id1718338809","https://podcasts.apple.com/us/podcast/in-the-word-with-roy-edwards/id1718338809","1","Response","Response","{""matchedCompany"":""None found"",""evidenceUrl"":"""",""evidenceSnippet"":""""}","I searched Roy Edwards Ministries' canonical website (royedwards.org) including the home page, About, Podcasts, Give, and Testimonials pages and performed targeted web searches of the listed companies’ domains and general web searches for explicit, verifiable statements linking Roy Edwards Ministries (royedwards.org) to any company in the provided list. I found explicit links to Pray.com (a Pray page for Roy Edwards) and Podbean (podcast host), and the site footer shows the site is ""Powered by Church Plant Media."" I found no explicit statements, logo placements, case studies, testimonials, partner listings, or press releases on royedwards.org or on the inspected listed-company domains that identify Roy Edwards Ministries as a customer or user of any of the specified companies. Based on the searches and site scraping performed, there is no explicit public evidence linking Roy Edwards Ministries (royedwards.org) to any of the companies in the given list. Conclusion: No explicit, authoritative public evidence was found that Roy Edwards Ministries (royedwards.org) is a customer or user of any of the provided companies. The correct extraction result per instructions is: ""None found."""
"RUN Ministries","RUN Ministries","runministries.org","https://www.linkedin.com/company/home-run-ministries-inc","11-50 employees",,"Response","Parachurch organization","Donations/Grants, Transactional, Fundraising events","Donations/Grants, Transactional, Fundraising events",,,,,,"runministries","https://www.instagram.com/runministriesintl/","201","No radio or TV programming details available for RUN Ministries","{""name"":""RUN Ministries (official website) - Podcast"",""url"":""https://www.runministries.org/podcas...","Run Ministries Official Website Podcast","Streaming Platform","❌ No spend data found",,"Response","",,"Response",,"{""matchedCompany"":""None found"",""evidenceUrl"":"""",""evidenceSnippet"":""""}","None found (Meaning: No explicit public evidence was located that RUN Ministries (runministries.org) is a customer or user of any of the companies in the supplied list.)"
"Samantha Taylor","Samantha Taylor","samanthataylor.com",,,,"Response","Media Ministry","Transactional, Advertising/Sponsorship, Donations/Fundraising, Subscription/Program Fees","Transactional, Advertising/Sponsorship, Donations/Fundraising, Subscription/Program Fees",,,,,,,"https://www.instagram.com/iamsamanthataylor/","644000","Both","{""name"":""YouTube"",""url"":""https://www.youtube.com/@SamanthaTaylor333"",""frequency"":null,""marketCity...","Youtube, Apple Podcasts, Spotify, Pocket Casts","Streaming Platform, Podcast Directory","❌ No spend data found",,"https://podcasts.apple.com/us/podcast/sam-taylor-podcast/id1560755687","https://podcasts.apple.com/us/podcast/sam-taylor-podcast/id1560755687","0","Response","Response","{""matchedCompany"":""tct.tv"",""evidenceUrl"":""https://samanthataylor.com/pray.html"",""evidenceSnippet""...","Samantha Taylor (samanthataylor.com) is a customer of TCT (tct.tv). Her TV show is stated to be on the TCT television network. No other explicit, authoritative evidence was found linking Samantha Taylor to any other company in the provided list."
"Second Baptist Church","Dr. Ed Young","winningwalk.org","https://www.linkedin.com/company/willing-walk-ministries","2-10 employees",,"Response","Media Ministry","donations and one-time transactional resource sales","donations and one-time transactional resource sales","$0-$1M",,,,,"http://www.facebook.com/WinningWalk","https://www.instagram.com/winningwalk/","6690","Both","{""name"":""Spreaker"",""url"":""https://www.spreaker.com/podcast/the-winning-walk-with-dr-ed-young-dail...","Spreaker, Apple Podcasts, Spotify, Pray Com, Youtube, The Winning Walk Winningwalk Org Broadcasts Listen, Facebook Winning Walk, Instagram Winningwalk","Streaming Platform, Podcast Directory, Other","❌ No spend data found",,"https://podcasts.apple.com/us/podcast/second-baptist-podcasts/id1355223272","https://podcasts.apple.com/us/podcast/second-baptist-podcasts/id1355223272","0.5","Response","Response","{""matchedCompany"":""tbn.org"",""evidenceUrl"":""https://winningwalk.org/station-finder/tbn-internation...","Second Baptist Church (winningwalk.org) is associated with tbn.org. Explicit evidence was found on winningwalk.org's station-finder page for TBN and on tbn.org's program page for The Winning Walk. The winningwalk.org about page also confirms that The Winning Walk broadcast ministry originates from Second Baptist Church."
"Second Baptist Church, Houston, TX","Dr. Ed Young","second.org","https://www.linkedin.com/company/secondbaptist","1,001-5,000 employees","Second Baptist Church is one church in multiple locations, located in Houston, Texas. Dr. Ben Young is the Senior Pastor.

Affiliated Websites:
www.second.org
www.facebook.com/SBCHouston
www.youtube.com/SBCHouston","Response","Church","Donations, Event fees/Ticketing, Membership/Tuition","Donations, Event fees/Ticketing, Membership/Tuition","$500M - $1B","Dr. Ben Young",80000,"Baptist",6,"sbchouston","https://www.instagram.com/sbchouston/","11800","Both","{""name"":""Apple Podcasts"",""url"":""https://podcasts.apple.com/us/podcast/second-baptist-church-houst...","Apple Podcasts, Spotify, Amazon Music Podcasts, Podbean Official Podcast Host, Iheartradio Podcast, Tunein, Youtube, Edifi Player, Podbean Rss Feed, Podbean Ben Young Daily Podcast, Second Baptist Church App Ios, Second Baptist Church App Android","Podcast Directory, Streaming Platform, Online Radio, Mobile App","❌ No spend data found",,"https://podcasts.apple.com/us/podcast/second-baptist-church-houston-9-30/id308162446","https://podcasts.apple.com/us/podcast/second-baptist-church-houston-9-30/id308162446","0","Response","Response","{""matchedCompany"":""bible.com"",""evidenceUrl"":""https://www.bible.com/organizations/1320b409-16e0-43...","Second Baptist Church, Houston, TX (second.org) is a customer of bible.com and pushpay.com. No explicit evidence was found linking Second Baptist Church, Houston (second.org) to any of the other companies in the provided list after checking second.org, vendor customer/partner pages, case studies, and press releases."
"Shadow Mountain Community Church","W Publishling","shadowmountain.org","https://www.linkedin.com/company/shadow-mountain-church","11-50 employees","Shadow Mountain Community Church is an evangelical church pastored by Dr. David Jeremiah and is located in El Cajon, California, San Diego County. We are a church dedicated to teaching the truth of God's Word.","Response","Church","Donations, Transactional, Subscription","Donations, Transactional, Subscription","$1M - $5M","David Jeremiah",,"Southern Baptist",8,"http://www.facebook.com/smcconline","https://www.instagram.com/shadowmountaincc/","12000","Radio and TV","{""name"":""Apple Podcasts"",""url"":""https://podcasts.apple.com/us/podcast/shadow-mountain-community-c...","Apple Podcasts, Youtube, Shadow Mountain Community Church, Shadow Mountain Community Church, Shadow Mountain Community Church, Spotify, Spotify, Amazon Music, Shadow Mountain Community Church, Podcast Republic","Podcast Directory, Streaming Platform, Online Radio, Other","❌ No spend data found",,"https://podcasts.apple.com/us/podcast/shadow-mountain-community-church/id1847734247","https://podcasts.apple.com/us/podcast/shadow-mountain-community-church/id1847734247","1.2","Response","Response","{""matchedCompany"":""pushpay.com"",""evidenceUrl"":""https://shadowmountain.org/give"",""evidenceSnippet""...","Shadow Mountain Community Church is a customer of pushpay.com. No explicit evidence was found for the other listed companies."
"Significant Church Network","Jim Graff","significantchurch.com",,,,"Response","Parachurch organization","Subscription, Freemium, Donations, Transactional","Subscription, Freemium, Donations, Transactional",,,,,,"http://www.facebook.com/SignificantChurch","https://www.instagram.com/significantchurch/","651","TV, Radio","{""name"":""Significant Church Network Site"",""url"":""https://significantchurch.com/slpodcast/"",""frequ...","Significant Church Network Site, Apple Podcasts, Spotify, Amazon Music, Youtube","Other, Podcast Directory, Streaming Platform","❌ No spend data found",,"https://podcasts.apple.com/us/podcast/significant-leader-podcast/id1809240346","https://podcasts.apple.com/us/podcast/significant-leader-podcast/id1809240346","0.2","Response","Response","{""matchedCompany"":""None found"",""evidenceUrl"":"""",""evidenceSnippet"":""""}","None found."
"Silas Radio and Television","David Lankford","silasradio.com",,,,"Response","Agency","Not found","Not found",,,,,,,,,"Both","{""name"":""noResults"",""url"":null,""frequency"":null,""marketCity"":null,""channelType"":""other"",""showOrCh...","Noresults","Other","❌ No spend data found",,"Response","",,"Response",,"{""matchedCompany"":""None found"",""evidenceUrl"":"""",""evidenceSnippet"":""""}","No customer relationships were found between Silas Radio and Television and the listed companies."
"Skyline Church","Dr. Jeremy McGarity","skylinechurch.org","https://www.linkedin.com/company/skyline-church","51-200 employees","SKYLINE CHURCH is a religious institutions company based out of 661 E 24TH ST, HOLLAND, Michigan, United States.","Response","Church","Donations/Contributions, Grants (potential/unspecified), Fundraising/Events","Donations/Contributions, Grants (potential/unspecified), Fundraising/Events","$10M - $25M","Jeremy McGarity",2500,"Wesleyan Church",2,"http://www.facebook.com/pages/Skyline-Church/133205780057483","https://www.instagram.com/skylinechurch/","20600","Radio, TV","{""name"":""Apple Podcasts"",""url"":""https://podcasts.apple.com/us/podcast/skyline-church-sermons/id14...","Apple Podcasts, Spotify, Spotify, Youtube, Subsplash App Ios, Subsplash App Android, Rightnow Media, Skyline Church Online","Podcast Directory, Streaming Platform, Mobile App, Online Radio","❌ No spend data found",,"https://podcasts.apple.com/us/podcast/skyline-church-sermons/id1468031713","https://podcasts.apple.com/us/podcast/skyline-church-sermons/id1468031713","1","Response","Response","{""matchedCompany"":""None found"",""evidenceUrl"":"""",""evidenceSnippet"":""""}","I searched Skyline Church (skylinechurch.org) site pages and performed targeted vendor-domain and general web searches for explicit, public evidence that Skyline Church (domain skylinechurch.org) is a customer/user/partner of any of the listed companies. I did not find any explicit statements, case studies, logo listings, testimonials, partner directories, or press releases that clearly associate Skyline Church (skylinechurch.org) with any of the companies in the provided list. Based on the searches and page scrapes performed, no matches were found. Final finding: None found"
"Skyline Church","Dr. Jeremy McGarity","jeremymcgarity.com",,,,"Response","Media Ministry","Donations (Giving), One-time product sales (Books/retail royalties), Transactional (Paid speaking...","Donations (Giving), One-time product sales (Books/retail royalties), Transactional (Paid speaking/events)","$10M - $25M",,,,,,"https://www.instagram.com/jeremy_mcgarity/","5338","No radio or TV programming details available for Skyline Church","{""name"":""Apple Podcasts"",""url"":""https://podcasts.apple.com/us/podcast/skyline-church-sermons/id14...","Apple Podcasts, Spotify, Youtube, Skyline Church Website, Spotify, Skyline Church App Ios, Skyline Church App Android, Buzzsprout","Podcast Directory, Streaming Platform, Online Radio, Mobile App","❌ No spend data found",,"https://podcasts.apple.com/us/podcast/skyline-church-sermons/id1468031713","https://podcasts.apple.com/us/podcast/skyline-church-sermons/id1468031713","1","Response","Response","{""matchedCompany"":""None found"",""evidenceUrl"":"""",""evidenceSnippet"":""""}","None found."
"Southwest Radio Ministries","Southwest Radio Ministries","swrc.com","https://www.linkedin.com/company/sound-west-realty-capital","11-50 employees","Real Estate","Response","Media Ministry","Donations, Grants/fundraising","Donations, Grants/fundraising","$1M - $5M",,,,,"http://www.facebook.com/pages/Southwest-Radio-Church/114850981881441","No confirmed official Instagram profile for Sound West Realty Capital was found; the information is unavailable.","Response","Both","{""name"":""Spotify"",""url"":""https://open.spotify.com/show/4On1wJNuZGu8FMvByc64e4"",""frequency"":null,""...","Spotify, Apple Podcasts, Iheart, Oneplace, Sermonaudio, Youtube, Rumble, Tunein, Southwest Radio Church App Ios, Southwest Radio Church App Android, W273aj, Katb, K210dy, Kgnw","Streaming Platform, Podcast Directory, Online Radio, Mobile App, Radio Station","❌ No spend data found",,"https://podcasts.apple.com/us/podcast/watchman-on-the-wall/id1574672316","https://podcasts.apple.com/us/podcast/watchman-on-the-wall/id1574672316","1.7","Response","Response","{""matchedCompany"":""None found"",""evidenceUrl"":"""",""evidenceSnippet"":""""}","No matches found. Based on the site-level searches of swrc.com and targeted searches of vendor sites and news sources, there is no explicit, authoritative public evidence that Southwest Radio Ministries (swrc.com) is a customer of any company in the provided list."
"Terradez Ministries","Zach Terradez","terradez.com",,,,"Response","Media Ministry","Donations, Transactional","Donations, Transactional","$5M - $10M",,,,,"http://www.facebook.com/TerradezMinistries","https://www.instagram.com/terradezministries/","12600","TV","{""name"":""Apple Podcasts"",""url"":""https://podcasts.apple.com/us/podcast/terradez-ministries-event-t...","Apple Podcasts, Spotify, Spotify, Spotify, Amazon Music, Iheart, Youtube, Terradez Ministries Official Site, Terradez Ministries Official Site, Terradez Ministries Official Site, Android, Android, Android, Terradez Ministries Official Site, Terradez Ministries Official Site, Terradez Ministries Official Site, Terradez Ministries Official Site","Podcast Directory, Streaming Platform, Other, Mobile App, Online Radio","❌ No spend data found",,"https://podcasts.apple.com/us/podcast/terradez-ministries-event-teachings/id1455152949","https://podcasts.apple.com/us/podcast/terradez-ministries-event-teachings/id1455152949","0.7","Response","Response","{""matchedCompany"":""None found"",""evidenceUrl"":"""",""evidenceSnippet"":""""}","Terradez Ministries is not found to be a customer or user of any of the specified companies (youversion.com, angel.com, bible.com, pushpay.com, pulpitai.com, christianpost.com, gloo.us, glorify.com, simplecast.com, abideomaha.org, sharefaith.com, faithwire.com, churchtechonline.com, cbndigital.com.tr, ytatv.com, churchtranslation.org, rightnowmedia.org, livevoice.io, cbn.com, emfmedia.com, salemmedia.com, daystar.com, tct.tv, bottradionetwork.com, afr.net, wrjz.com, tbn.org) based on a review of its public web presence. While the site indicates partnerships, such as with FreeWill for legacy giving and a text-to-give option, no explicit evidence linking Terradez Ministries to any of the listed companies was found."
"The Basics With Beth","Beth Jones","thebasicswithbeth.com","https://www.linkedin.com/company/the-basics-with-beth",,,"Response","Media Ministry","Subscription, Transactional, Pay-what-you-want / Donations, Freemium","Subscription, Transactional, Pay-what-you-want / Donations, Freemium",,,,,,"thebasicswithbeth","https://www.instagram.com/thebasicswithbeth/?__d=1","190","TV","{""name"":""Spotify"",""url"":""https://open.spotify.com/show/3cTgIlnB9ZrCpMAMe8igaU"",""frequency"":null,""...","Spotify, Apple Podcasts, Amazon Music, Deezer, Iheartradio, Pandora, Radiopublic, Google Podcasts, Pray Com, Youtube, The Basics With Beth Mobile App","Streaming Platform, Podcast Directory, Mobile App","❌ No spend data found",,"https://podcasts.apple.com/us/podcast/the-basics-with-beth/id1133237027","https://podcasts.apple.com/us/podcast/the-basics-with-beth/id1133237027","1.8","Response","Response","{""matchedCompany"":""None found"",""evidenceUrl"":"""",""evidenceSnippet"":""""}","After exhaustive searches of the target site (thebasicswithbeth.com) and targeted searches of the listed companies' domains and general web, I found no explicit evidence that The Basics With Beth (thebasicswithbeth.com) is a customer, partner, or user of any of the companies in the provided list. No logo walls, customer lists, case studies, testimonials, press releases, or partner directory entries were found that explicitly associate The Basics With Beth with any of the listed companies. The target site’s privacy/technology page lists its technology providers and does not include any of the supplied companies. Final determination: None found."
"The Church of Eleven22","Joby Martin","coe22.com","https://www.linkedin.com/company/thechurchofeleven22","201-500 employees","The Church of Eleven22 is a movement for all people to discover and deepen a relationship with Jesus Christ. Led by Pastor Joby Martin, Eleven22 is based in Jacksonville, FL, and has multiple locations in the Jacksonville area and beyond.","Response","Church","Donations, Retail Sales, Program/Service Fees","Donations, Retail Sales, Program/Service Fees","$25M - $50M",,,,,"http://www.facebook.com/ChurchOfEleven22","https://www.instagram.com/coe22/","113000","No radio or TV programming details available for The Church of Eleven22","{""name"":""Apple Podcasts"",""url"":""https://podcasts.apple.com/us/podcast/the-church-of-eleven22/id59...","Apple Podcasts, Spotify, Podbean, Apple Podcasts, Spotify, Google Podcasts, Apple Podcasts, Spotify, Youtube, The Daily Blade Website, Youtube","Podcast Directory, Streaming Platform, Other","❌ No spend data found",,"https://podcasts.apple.com/us/podcast/the-church-of-eleven22/id599849932","https://podcasts.apple.com/us/podcast/the-church-of-eleven22/id599849932","3.9","Response","Response","{""matchedCompany"":""rightnowmedia.org"",""evidenceUrl"":""https://coe22.com/resources/right-now-media/...","The Church of Eleven22 is a customer of RightNow Media (rightnowmedia.org) and Pushpay (pushpay.com)."
"theDove Media, Inc.","theDove Media","thedove.us","https://www.linkedin.com/company/thedovemedia","11-50 employees","theDove exists to proclaim the Good News of Jesus Christ through all media platforms.","Response","Media Ministry","donations/contributions, advertising/partnerships, program service fees","donations/contributions, advertising/partnerships, program service fees","$1M - $5M",,,,,"http://www.facebook.com/dovecharters","https://www.instagram.com/thedoveonline/","1440","Both","{""name"":""KDOV"",""url"":""https://tunein.com/radio/theDove917-917-s32352/"",""frequency"":""91.7 FM"",""mar...","Kdov, Kdso, Thedove Fm, Thedove Fm, Thedove Fm, Thedove Fm, Thedove Fm, Thedove Fm, Thedove Fm, Thedove Fm, Thedove Fm, Thedove Fm, Thedove Fm, Thedove Fm, Thedove Radio Live Stream, Roku Thedove Channel, Thedove Radio Tv Android, Thedove Radio Tv Ios, Youtube Thedovetv","Radio Station, Online Radio, Streaming Platform, Mobile App","❌ No spend data found",,"https://podcasts.apple.com/us/podcast/the-dove/id1626815523","https://podcasts.apple.com/us/podcast/the-dove/id1626815523","0","Response","Response","{""matchedCompany"":""None found"",""evidenceUrl"":"""",""evidenceSnippet"":""""}","No explicit evidence was found linking theDove Media, Inc. (thedove.us) as a customer or user of any of the specified companies."
"The Grace Message","Andrew Farley","andrewfarley.org","https://www.linkedin.com/company/thegracemessage","2-10 employees","The Grace Message with Dr. Andrew Farley exists to proclaim the finished work of Jesus Christ with boldness and clarity. Our ministry resources include thousands of video and audio messages, nine bestselling Christian books, weekly online church service streaming, and a daily radio broadcast airing on Sirius XM Satellite Radio in all 50 states and throughout Canada. Sign up to receive teaching resources by email and join our more than one million followers on social media to get daily encouragement in God’s love and grace.","Response","Media Ministry","Donations, Product Sales","Donations, Product Sales","$5M - $10M",,,,,"drandrewfarley","Official Instagram profile: https://www.instagram.com/drandrewfarley/","22000","Radio and TV","{""name"":""Apple Podcasts"",""url"":""https://podcasts.apple.com/us/podcast/the-grace-message-with-dr-a...","Apple Podcasts, Youtube, Siriusxm, The Grace Message Mobile App","Podcast Directory, Streaming Platform, Satellite Radio, Mobile App","❌ No spend data found",,"https://podcasts.apple.com/us/podcast/the-grace-message-with-dr-andrew-farley/id325724962","https://podcasts.apple.com/us/podcast/the-grace-message-with-dr-andrew-farley/id325724962","0.2","Response","Response","{""matchedCompany"":""bible.com"",""evidenceUrl"":""https://www.bible.com/ur/organizations/d6a46f53-421d...","The Grace Message (andrewfarley.org) is a customer/user of bible.com and tbn.org (explicit evidence). No other matches were found."
"The Julia Gentry","Julia Gentry","thejuliagentry.com",,,,"Response","Parachurch organization","Subscription, One-time (Product Sales), Transactional","Subscription, One-time (Product Sales), Transactional",,,,,,,"https://www.instagram.com/thejuliagentry/","2369","No radio or TV programming details available for The Julia Gentry","{""name"":""The Julia Gentry"",""url"":""https://thejuliagentry.com/podcast/"",""frequency"":null,""marketCi...","The Julia Gentry, Apple Podcasts, Spotify, Youtube, Ctn Amplify Podcast, Listennotes","Other, Podcast Directory, Streaming Platform","❌ No spend data found",,"https://podcasts.apple.com/us/podcast/free-to-dream-create-uninhibitedly/id1540025018","https://podcasts.apple.com/us/podcast/free-to-dream-create-uninhibitedly/id1540025018","0","Response","Response","{""matchedCompany"":""None found"",""evidenceUrl"":"""",""evidenceSnippet"":""""}","None found"
"The King's Council","Rylee Meek","kingscouncilcoaching.com","https://www.linkedin.com/company/thekingscouncil","2-10 employees","The King’s Council was founded at the end of 2020 by Rylee Meek,
who has become a forerunner in the body of Christ to teach on
“Christian Entrepreneurship” and the “Kingdom Economy.” 
His passion to raise up successful entrepreneurs within the body of
Christ is inspired by the parable of the “Good Samaritan.” 
Our mission at The King’s Council is to start and scale businesses
for the ultimate goal of giving and advancing the kingdom of
heaven here on earth. 
Rylee has released 2 of the books in a 3-book series called ""The
Kingdom Entrepreneur"", which include some glaring statistics that
help fuel our mission:
209 million Americans identity as “Christians”

184.5 million of which are church members

83 million of which are weekly attendees

15.5 million of which say they tithe, but the average amount “tithed” is 2.5%

(The average amount given during the Great Depression was 3.3%!)

American Christians are estimated to produce $5.2 trillion annually. 
10% of that is $520 billion a year, or 38 times what’s currently given! 
With $520B, all of the 380,000 churches in America could pay their average annual budget ($45.6 billion), and find room for a

whole lot more.

From an article published by the National Christian Foundation in

2019, here are just a few things the church could do with that 10%

$26.25 billion could relieve global hunger, starvation and deaths from preventable diseases in five years

$12.6 billion could eliminate illiteracy in five years

$15.75 billion could solve the world’s water and sanitation issues, specifically at places in the world where 1 billion people live on less than $1 per day

$1.1 billion could fully fund all overseas mission work


And there’s still over $400 billion left over...!
Imagine the kind of KINGDOM IMPACT we
could have with that kind of investment...","Response","Parachurch organization","Subscription, One-time payment","Subscription, One-time payment","$5M - $10M",,,,,,"Official Instagram profile for The King's Council (as linked from the company website): https://www.instagram.com/theryleemeek/","4778","No radio or TV programming details available for The King's Council","{""name"":""Apple Podcasts"",""url"":""https://podcasts.apple.com/us/podcast/kings-council-podcast-with-...","Apple Podcasts, Spotify, Amazon Music, Youtube, Rylee Meek Official Website, King S Council Community","Podcast Directory, Streaming Platform, Other","❌ No spend data found",,"https://podcasts.apple.com/us/podcast/kings-council-podcast-with-rylee-meek-christian-edwards/id1...","https://podcasts.apple.com/us/podcast/kings-council-podcast-with-rylee-meek-christian-edwards/id1548021619","0","Response","Response","{""matchedCompany"":""None found"",""evidenceUrl"":"""",""evidenceSnippet"":""""}","No explicit, authoritative evidence was found that The King's Council (kingscouncilcoaching.com) is a customer/user/partner of any of the listed companies."
"The Perspective","Mike Sherbino","theperspective.tv",,,,"Response","Media Ministry","Donations, Advertising/Sponsorship, Licensing/Syndication","Donations, Advertising/Sponsorship, Licensing/Syndication","$5M - $10M",,,,,"https://www.facebook.com/theperspectivecom","https://www.instagram.com/theperspective.tv/","4634","Both","{""name"":""Spotify"",""url"":""https://open.spotify.com/show/7uewbh370jGgRQiGHnXSZ5"",""frequency"":null,""...","Spotify, Apple Podcasts, Youtube, Wdcx, Pray Com, Roku Tv","Streaming Platform, Podcast Directory, Radio Station","❌ No spend data found",,"https://podcasts.apple.com/ca/podcast/change-the-way-you-think-with-dr-grant-mullen/id1409893098","https://podcasts.apple.com/ca/podcast/change-the-way-you-think-with-dr-grant-mullen/id1409893098","0","Response","Response","{""matchedCompany"":""None found"",""evidenceUrl"":"""",""evidenceSnippet"":""""}","No explicit, authoritative evidence was found that The Perspective (domain: theperspective.tv) is a customer or user of any of the companies on the provided list. Therefore, the result is: None found."
"The Silent Partner Marketing","InVest USA","thesilentpartnermarketing.com","https://www.linkedin.com/company/the-silent-partner-marketing","11-50 employees","We design and execute winning marketing strategies to help our clients cut through the noise and connect directly with consumers.
 
We utilize native storytelling and market segmentation to get the right message to the right person at the right time.
 
We leverage the pulse of the people to identify where the market is and where it’s going during what is the biggest cultural shift of our generation.
 
How? 
 
We accomplish this by forging personal connections between brands and consumers.  We make that connection by understanding where the consumer is and what their needs are and identifying what makes them tick.  Then we deploy strategic action plans and unique content to develop and deepen those relationships.
 
We fill the role of an entire marketing team for our clients – including strategists, writers, cinematographers, photographers, editors, graphic designers, web developers, media buyers, social media specialists, public relations experts and more.
 
For Whom?
 
We develop our own creative content to help cut through the noise and connect with our own target customers.  By doing so…we demonstrate in our client acquisition journey that we’re able to make the most important connection in the sales process… the relationship.
 
Once we’ve done this, we help our customers to develop, articulate and share THEIR unique story with THEIR unique customer.","Response","Agency","Retainer, Project-based (one-time fees), Commission/Ad-spend markup","Retainer, Project-based (one-time fees), Commission/Ad-spend markup","$1M - $5M",,,,,"https://facebook.com/silentpartnermarketing","https://www.instagram.com/thesilentpartnermarketing/","5105","No radio or TV programming details available for The Silent Partner Marketing","{""name"":""YouTube"",""url"":""https://www.youtube.com/@thesilentpartnermarketing8882"",""frequency"":null...","Youtube, Facebook, Behind The Uniforms, The Whiskey Patriots, Podbean, Libsyn, Apple Podcasts, Spotify","Streaming Platform, Podcast Directory","❌ No spend data found",,"https://podcasts.apple.com/gb/podcast/the-silent-partners-podcast/id1712309260","https://podcasts.apple.com/gb/podcast/the-silent-partners-podcast/id1712309260","0","Response","Response","{""matchedCompany"":""None found"",""evidenceUrl"":""https://www.thesilentpartnermarketing.com/customers...","No customer relationships were found between The Silent Partner Marketing and any of the specified companies."
"The Summit Church","J.D. Greear","denverchurch.org","https://www.linkedin.com/company/denver-community-church","11-50 employees","Denver Community Church started when a group of people felt led to move to Denver to start a church that would be so involved in the community that the only appropriate name would be Denver Community Church. DCC first gathered together in the spring of 2001. The vision of DCC has always been to journey together following Jesus, and to demonstrate God’s love to all people.

Today, by the grace of God, DCC is alive and well, which is the heart of our story. Our story is still being told, but it is not just one story; it is hundreds of stories from hundreds of people – stories of life change, healing, redemption, justice, and joy. It is the story of the Church – not brick and mortar – but people who live out the reality of God being in our midst.","Response","Church","Donations (one-time), Recurring donations/subscriptions (pledges), Grants/Capital campaigns, Fund...","Donations (one-time), Recurring donations/subscriptions (pledges), Grants/Capital campaigns, Fundraising/Pledges","$1M - $5M","Hannah Thom",800,"Non-Denominational",1,"http://www.facebook.com/denverchurchorg","https://www.instagram.com/goodnewsdenverchurch/","227","No radio or TV programming details available for The Summit Church","{""name"":""Apple Podcasts"",""url"":""https://podcasts.apple.com/us/podcast/the-summit-church-denver/id...","Apple Podcasts, Spotify, Youtube, Edifi, Rssrad Io, Apple Podcasts, Spotify, Edifi","Podcast Directory, Streaming Platform","❌ No spend data found",,"https://podcasts.apple.com/us/podcast/the-summit-church-denver/id455788691","https://podcasts.apple.com/us/podcast/the-summit-church-denver/id455788691","0","Response","Response","{""matchedCompany"":""None found"",""evidenceUrl"":"""",""evidenceSnippet"":""""}","I searched the target domain denverchurch.org (site pages and targeted site: searches) for explicit evidence that The Summit Church (denverchurch.org) is a customer of any company in the provided list. I also searched the listed companies’ official sites and broader web queries for explicit statements linking ""The Summit Church"" (or summitdenver.org / Summit Denver) to those vendors. Findings: denverchurch.org is the site for Denver Community Church (no evidence of being The Summit Church) and contains no explicit references to any of the listed companies. The Summit Church’s actual site is summitdenver.org (The Summit Church, 3300 Larimer Street, Denver, CO). I found no explicit, authoritative evidence on denverchurch.org or on the listed vendors’ sites that ties The Summit Church (denverchurch.org) to any company in the provided list. Conclusion: None found."
"The Urban Alternative","Tony Evans","tonyevans.org","https://www.linkedin.com/company/the-urban-alternative","11-50 employees","The Urban Alternative is a Christian Bible teaching and resource ministry founded over 30 years ago by Dr. Tony Evans. We aim to spread the teaching of God's Word through Christian media with the goal of transforming lives. We offer sermons, sermon outlines, books, prayers, Bible studies and more on topics such as Christian living, marriage, discipleship, and spiritual growth, as taught by Tony Evans.","Response","Media Ministry","Donations, Transactional Product Sales, Events/Conference Fees","Donations, Transactional Product Sales, Events/Conference Fees","$1M - $5M",,,,,"drtonyevans","https://www.instagram.com/drtonyevans/","674000","Both","{""name"":""Local AM/FM Affiliates (via Radio Finder)"",""url"":""https://tonyevans.org/radio-station-fi...","Local Am Fm Affiliates Via Radio Finder, Siriusxm, Bott Radio Network, Csn Radio, Vcy Org, Oneplace Com, Acts Radio Com, Bbgnetwork, Christianvoiceradio Com, Harvestradionetwork Org, Redeeming Radio, Twr360 Com, Wawradio Net, Apple Podcasts, Spotify, Amazon Music, Youtube, Truth Network, Tony Evans Sermons App Ios, Tony Evans Sermons App Android","Radio Station, Satellite Radio, Online Radio, Podcast Directory, Streaming Platform, Mobile App","✅ Spend data found for tonyevans.org",11.194165471941233,"https://podcasts.apple.com/ve/podcast/the-urban-alternative-tony-evans/id1757998630","https://podcasts.apple.com/ve/podcast/the-urban-alternative-tony-evans/id1757998630","5.2","Response","Response","{""matchedCompany"":""bible.com"",""evidenceUrl"":""https://www.bible.com/reading-plans/20082-tony-evans...","The Urban Alternative (tonyevans.org) is explicitly associated as a content provider/partner with bible.com, rightnowmedia.org, tbn.org, and cbn.com. No other explicit customer/partner relationships were found among the remaining listed companies."
"The Voice of Evangelism","David Lankford","thevoiceofevangelism.com","https://www.linkedin.com/company/voice-of-evangelism","2-10 employees","Voice of Evangelism is a religious institutions company based out of 332 Upper Stanley Rd, Stanley, North Carolina, United States.","Response","Media Ministry","Donations","Donations","$5M - $10M",,,,,,"https://www.instagram.com/the_voice_of_evangelism/","1554","Both","{""name"":""Apple Podcasts"",""url"":""https://podcasts.apple.com/us/podcast/the-voice-of-evangelism/id1...","Apple Podcasts, Spotify, Youtube, Spreaker, Blogtalkradio, The Voice Of Evangelism Website, Rumble","Podcast Directory, Streaming Platform, Online Radio, Other","❌ No spend data found",,"https://podcasts.apple.com/us/podcast/the-voice-of-evangelism/id1547461181","https://podcasts.apple.com/us/podcast/the-voice-of-evangelism/id1547461181","0","Response","Response","{""matchedCompany"":""None found"",""evidenceUrl"":"""",""evidenceSnippet"":""""}","I searched The Voice of Evangelism site (thevoiceofevangelism.com) and credible third-party/brand pages for explicit evidence that The Voice of Evangelism is a customer/user/partner of any of the listed companies. I scraped the target site pages: /, /about, /partners, /news, /blog and ran targeted web searches (site: queries and brand-site queries) for each listed company name/brand (YouVersion, Bible.com, Pushpay/Tithely, Simplecast, RightNow Media, CBN, TBN, Daystar, TCT, Bott Radio Network, AFR, Salem/EMF, Gloo, Sharefaith, etc.). I found no explicit statements, logo listings, case studies, testimonials, partner pages, or press releases that associate The Voice of Evangelism (thevoiceofevangelism.com) with any of the companies in the provided list. The target site does show affiliations/links to other platforms (examples below) but none of the listed brands. Conclusion: None found."
"The Voice of the Martyrs","The Voice of the Martyrs","persecution.com",,,,"Response","Nonprofit","Donations, Transactional sales (e-commerce/retail)","Donations, Transactional sales (e-commerce/retail)","$25M - $50M",,,,,"http://www.facebook.com/pages/The-Voice-of-the-Martyrs-USA/11006419356",,,"Radio","{""name"":""Apple Podcasts"",""url"":""https://itunes.apple.com/us/podcast/vom-radio/id920807796?mt=2"",""...","Apple Podcasts, Google Podcasts, Spotify, Amazon Music, Soundcloud, Iheartradio, Overcast, Breaker, Radiopublic, Tunein, Rss Feed, Vom App Ios, Vom App Android, Vom Radio Network, Youtube","Podcast Directory, Streaming Platform, Online Radio, Other, Mobile App, Radio Station","✅ Spend data found for persecution.com",0.20449630916118622,"https://podcasts.apple.com/us/podcast/vomradio/id920807796","https://podcasts.apple.com/us/podcast/vomradio/id920807796","0","Response","Response","{""matchedCompany"":""bible.com"",""evidenceUrl"":""https://www.bible.com/organizations/32dc77d1-8919-40...","The Voice of the Martyrs (persecution.com) is a customer or user of bible.com (YouVersion). No other companies from the provided list were found to have an explicit customer/partner relationship with The Voice of the Martyrs based on public evidence."
"Time of Grace Ministry","Mike Novotny","timeofgrace.org","https://www.linkedin.com/company/time-of-grace-ministry","11-50 employees","Time of Grace is for people who want more growth and less struggle in their spiritual walk. Through the timeless truth of God’s Word, we connect people to God’s grace so they know they are loved and forgiven and so they can start living in the freedom they’ve always wanted. 

Time of Grace Ministry is an international Christian outreach media ministry founded in 2001. Our mission is to connect people to God's grace and our vision is to transform lives now and forever.

timeofgrace.org

yourtimeofgrace.org","Response","Media Ministry","Contributions/Donations, Merchandise Sales, Program Service Fees (minor), Investment Income","Contributions/Donations, Merchandise Sales, Program Service Fees (minor), Investment Income","$1M - $5M",,,,,"http://www.facebook.com/timeofgrace","https://www.instagram.com/timeofgraceministry/","19500","Both","{""name"":""Faith Radio Network"",""url"":""https://www.myfaithradio.com/programs/time-of-grace/"",""frequ...","Faith Radio Network, Myfaithradio Com, Wnww, Wiwa, Kurl, Ktis, Ktis, Knwc, Wnwc, Apple Podcasts, Spotify, Apple Podcasts, Spotify, Apple Podcasts, Spotify, Youtube, Apple Podcasts, Spotify, Apple Podcasts, Spotify, Youtube","Online Radio, Radio Station, Podcast Directory, Streaming Platform","❌ No spend data found",,"https://podcasts.apple.com/us/podcast/time-of-grace-with-pastor-mike-novotny/id649959748","https://podcasts.apple.com/us/podcast/time-of-grace-with-pastor-mike-novotny/id649959748","0.8","Response","Response","{""matchedCompany"":""bible.com"",""evidenceUrl"":""https://www.bible.com/organizations/435de42d-b6fb-44...","Time of Grace Ministry is present as an organization on Bible.com (YouVersion), which is an official YouVersion/Bible.com page that lists “Time of Grace Ministry” and links to https://timeofgrace.org. No explicit, authoritative evidence was found on timeofgrace.org or on the other vendors’ official sites (after searching vendor directories and press/partner pages) that Time of Grace Ministry is a customer/partner of any other companies in the provided list. Therefore, the only matched company found is bible.com."
"Tim Hatch Live","Tim Hatch","timhatchlive.com",,,,"Response","Media Ministry","Subscription, Donation","Subscription, Donation",,,,,,,"https://www.instagram.com/timhatchlive/","2852","TV","{""name"":""Tim Hatch Live Official Website"",""url"":""https://timhatchlive.com/"",""frequency"":null,""mar...","Tim Hatch Live Official Website, Tim Hatch Live Official Website, Youtube, Apple Podcasts, Spotify, Soundcloud, Podcast Addict, Nrbtv, Pray Com","Other, Streaming Platform, Podcast Directory","❌ No spend data found",,"https://podcasts.apple.com/us/podcast/tim-hatch-live/id1269772267","https://podcasts.apple.com/us/podcast/tim-hatch-live/id1269772267","0","Response","Response","{""matchedCompany"":""None found"",""evidenceUrl"":"""",""evidenceSnippet"":""""}","I did not find any explicit statement (logo, case study, testimonial, partner directory listing, press release, or documented tech usage) on timhatchlive.com or on the listed companies’ sites that identifies Tim Hatch Live as a customer/user/partner of any company in the provided list. Therefore, no matches were found."
"Tomi Arayomi","Tomi Arayomi","tomiarayomi.org",,,,"Response","Parachurch organization","Donations, One-time product sales, Paid events/Registrations, Subscriptions/Memberships, Services...","Donations, One-time product sales, Paid events/Registrations, Subscriptions/Memberships, Services (speaking/mentorship)",,,,,,,"https://www.instagram.com/tomiarayomi/","399000","Radio, TV","{""name"":""Spotify"",""url"":""https://open.spotify.com/show/11vKMxctCZgKhSvXoXWYZg"",""frequency"":null,""...","Spotify, Youtube, Youtube, Omny Fm, Apple Podcasts, Apple Podcasts, Soundcloud, Pray Com Bible Daily Prayer, Pray Com Bible Daily Prayer","Streaming Platform, Podcast Directory, Mobile App","❌ No spend data found",,"Response","",,"Response",,"{""matchedCompany"":""None found"",""evidenceUrl"":"""",""evidenceSnippet"":""""}","[ { ""matchedCompany"": ""None found"" } ]"
"Top Cathedral","Michael Fisher","topcathedral.org",,,,"Response","Church","Donations (one-time & recurring/subscription), Merchandise sales, Event ticketing","Donations (one-time & recurring/subscription), Merchandise sales, Event ticketing",,,,,,"tabernacle-of-praise-cathedral-52220618679","https://www.instagram.com/topcathedral/","599","TV","{""name"":""YouTube (TOP Cathedral)"",""url"":""https://www.youtube.com/channel/UCQN6I-YWuRPDh824pgNPDEg...","Youtube Top Cathedral, Facebook Topcathedral, Instagram Topcathedral, Tabernacle Of Praise Cathedral Android App, Tabernacle Of Praise Cathedral Ios App","Streaming Platform, Mobile App","❌ No spend data found",,"Response","",,"Response",,"{""matchedCompany"":""pushpay.com"",""evidenceUrl"":""https://topcathedral.org/contact"",""evidenceSnippet...","Top Cathedral is a customer of pushpay.com. The official website of Top Cathedral includes a direct link on its contact page to a Pushpay payment URL, indicating their use of Pushpay for online giving. No other companies from the provided list were found to have an explicit customer or partner relationship with Top Cathedral based on the inspected pages."
"Troy Brewer","Troy Brewer","troybrewer.com","https://www.linkedin.com/company/troy-brewer-ministries",,,"Response","Parachurch organization","Subscription, Donations","Subscription, Donations","$1M-$10M",,,,,"http://www.facebook.com/OpenDoorExp","https://www.instagram.com/pstroybrewer/","54900","Both","{""name"":""Apple Podcasts"",""url"":""https://podcasts.apple.com/ie/podcast/the-pulse/id1853883313"",""fr...","Apple Podcasts, Spotify, Spotify, Youtube, Odx Tv, Troybrewer Com, Kdkr","Podcast Directory, Streaming Platform, Other, Radio Station","❌ No spend data found",,"https://podcasts.apple.com/ie/podcast/the-pulse/id1853883313","https://podcasts.apple.com/ie/podcast/the-pulse/id1853883313","0","Response","Response","{""matchedCompany"":""pushpay.com"",""evidenceUrl"":""https://www.facebook.com/pstroybrewer/videos/redem...","Troy Brewer Ministries uses Pushpay for donations, as evidenced by a direct link to Pushpay on their official Facebook page for making donations."
"Turning Point for God","Dr. David Jeremiah","turningpointstudybible.com",,,,"Response","Media Ministry","Transactional, Donations, Subscription","Transactional, Donations, Subscription","$25M - $50M",,,,,"http://www.facebook.com/drdavidjeremiah",,,"Radio and TV","{""name"":""Jeremiah Study Bible Website"",""url"":""https://www.jeremiahstudybible.com/"",""frequency"":nu...","Jeremiah Study Bible Website, Youtube, Facebook, Apple Podcasts, Spotify, Turning Point App Ios, Turning Point App Android, Turningpoint","Streaming Platform, Other, Podcast Directory, Mobile App","❌ No spend data found",,"https://podcasts.apple.com/rw/podcast/turning-point-with-david-jeremiah/id1773333508","https://podcasts.apple.com/rw/podcast/turning-point-with-david-jeremiah/id1773333508","0","Response","Response","{""matchedCompany"":""bible.com"",""evidenceUrl"":""https://www.bible.com/organizations/3304d957-a07a-42...","No specific response content was provided in the input for this section."
"Tyler Feller Ministries","Tyler Feller","tylerfeller.com",,,,"Response","Media Ministry","Donations, Program service fees, Retail sales","Donations, Program service fees, Retail sales",,,,,,,"https://www.instagram.com/tylerfeller/","27600","Radio, TV","{""name"":""YouTube"",""url"":""https://www.youtube.com/@TylerFeller/featured"",""frequency"":null,""marketC...","Youtube, Pray Com, Pray Com, Apple Podcasts, Iheart Prayradio, Wdcx Truth 99 5, Spotify","Streaming Platform, Podcast Directory, Radio Station","❌ No spend data found",,"https://podcasts.apple.com/gb/podcast/tyler-feller-m1-church-pastor-host-of-dont-stop-podcast/id1...","https://podcasts.apple.com/gb/podcast/tyler-feller-m1-church-pastor-host-of-dont-stop-podcast/id1458674597","0","Response","Response","{""matchedCompany"":""bible.com"",""evidenceUrl"":""https://www.bible.com/reading-plans/47621-6-devotion...","Tyler Feller Ministries is a user of bible.com (YouVersion). Tyler Feller has authored a six-day devotional titled '6 Devotions to Keep Moving When Failure Stops You' which is hosted on bible.com. No other explicit customer relationships were found with the other listed companies."
"Unable to determine","Ed Young","edyoung.com",,,,"Response","Church","Donations, Transactional","Donations, Transactional",,,,,,,"https://www.instagram.com/ed_young/","276000","None found","{""name"":""Apple Podcasts"",""url"":""https://podcasts.apple.com/us/podcast/the-creative-connection-wit...","Apple Podcasts, Spotify, Youtube, Family Talk Xm131, Kkla, Afr, Csn","Podcast Directory, Streaming Platform, Satellite Radio, Radio Station","❌ No spend data found",,"https://podcasts.apple.com/us/podcast/the-creative-connection-with-ed-young/id1722200187","https://podcasts.apple.com/us/podcast/the-creative-connection-with-ed-young/id1722200187","0","Response","Response","{""matchedCompany"":""bible.com"",""evidenceUrl"":""https://www.bible.com/organizations/fa15ce3b-1d52-48...","Ed Young (edyoung.com) is associated with the Bible App (bible.com), as users are invited to 'Follow Ed Young in the Bible App.' on bible.com."
"unknown","Todd Doxzon + Kap Chatfield","kapchatfield.com",,,,"Response","Media Ministry","Subscription, One-time payment, Transactional, Services, Donations","Subscription, One-time payment, Transactional, Services, Donations",,,,,,,"https://www.instagram.com/kapchatfield/","299000","No radio or TV programming details available for unknown","{""name"":""Apple Podcasts"",""url"":""https://podcasts.apple.com/us/podcast/directed-life-with-kap-chat...","Apple Podcasts, Spotify, Youtube, Youtube, Podchaser, Kap Chatfield Website","Podcast Directory, Streaming Platform, Other","❌ No spend data found",,"https://podcasts.apple.com/us/podcast/directed-life-with-kap-chatfield/id1768348784","https://podcasts.apple.com/us/podcast/directed-life-with-kap-chatfield/id1768348784","4.3","Response","Response","{""matchedCompany"":""None found"",""evidenceUrl"":"""",""evidenceSnippet"":""""}","No specific response was generated for this field based on the provided input."
"Unknown","Dan Goodwin","odsfinaljubilee.com",,,,"Response","Other","Not found","Not found",,,,,,,,,"No radio or TV programming details available for Unknown","{""name"":""Apple Podcasts"",""url"":""https://podcasts.apple.com/us/podcast/jubilee-podcast/id171984331...","Apple Podcasts, Spotify, Youtube, Official Show Website Church Site","Podcast Directory, Streaming Platform, Other","❌ No spend data found",,"https://podcasts.apple.com/us/podcast/jubilee-podcast/id1719843310","https://podcasts.apple.com/us/podcast/jubilee-podcast/id1719843310","0","Response","Response","{""matchedCompany"":""None found"",""evidenceUrl"":"""",""evidenceSnippet"":""""}","No explicit, public evidence was found that odsfinaljubilee.com (Unknown) is a customer or user of any of the companies on the provided list. Therefore the correct response is: None found."
"Valley Family Church","Eric & Alexa Jones","valleyfamilychurch.org","https://www.linkedin.com/company/valley-family-church-kalamazoo","51-200 employees","Valley Family Church is a growing church in Southwest Michigan. Our mission is simple: we exist so people get it. Find us in Kalamazoo off the I-94 and Oakland Drive exit. VFC was pioneered in 1991 by Pastors Jeff and Beth Jones, a husband-and-wife team who share a passion for the local church and people. We welcome you to join us and take the next step in your journey of faith. Sundays at 9:30 & 11:30am live or Sunday 9:30am online at valleyfamilychurch.tv.","Response","Church","Donations, Subscription, Transactional, Grants, Investment income","Donations, Subscription, Transactional, Grants, Investment income","$10M-$50M","Eric and Alexa Jones",,,1,"http://www.facebook.com/valleyfamilychurch","https://www.instagram.com/valleyfamilychurch/","4792","Both","{""name"":""Apple Podcasts"",""url"":""https://podcasts.apple.com/us/podcast/valley-family-church/id5017...","Apple Podcasts, Spotify, Iheartradio, Amazon Music, Apple Podcasts, Spotify, Google Podcasts, Iheartradio, Deezer, Amazon Music, Pandora, Tunein, Spotify, Youtube, Youtube, Youtube, Youtube","Podcast Directory, Streaming Platform, Online Radio","❌ No spend data found",,"https://podcasts.apple.com/us/podcast/valley-family-church/id501776159","https://podcasts.apple.com/us/podcast/valley-family-church/id501776159","0.7","Response","Response","{""matchedCompany"":""None found"",""evidenceUrl"":"""",""evidenceSnippet"":""""}","After exhaustive searches of valleyfamilychurch.org (site pages and likely giving/app links), targeted site: searches on valleyfamilychurch.org for each listed vendor name, and targeted searches on the listed companies' domains for “Valley Family Church” or valleyfamilychurch.org, I found no explicit evidence that Valley Family Church (valleyfamilychurch.org) is a customer/user/partner of any company in the provided list. The target site explicitly links to Subsplash for its app/media and shows technology usage (ProPresenter, Vimeo, Wistia, Adobe tools, etc.) in third-party tech-directory pages, but none of the listed companies appear in explicit customer/partner statements, logo walls, case studies, or vendor badges on the church site or on the vendor sites checked. Conclusion: None found."
"Victory Church","Apostle Dr. Kathryn Aanne","victory.com","https://www.linkedin.com/company/victory-christian-center","501-1,000 employees","Victory Church is a vibrant, multi-campus church based in Tulsa, Oklahoma.
Our mission is to connect people to God and each other, to equip believers for their calling, and to impact our city, nation, and world through the love of Jesus.

With over weekly service, outreach programs, and global minisitry, Victory is more than a weekend experience — it helps your find your purpose! 

We're always looking for passionate, faith-filled individuals to join our team in areas like ministry, media, production, administration, creative, kids/youth, and more.

Join us and be a part of what God is doing through Victory. Your BEST days are right in-front of you! 

 Tulsa, Oklahoma
 victory.com","Response","Church","Donations, Transactional, Tuition/Service fees","Donations, Transactional, Tuition/Service fees","$100M - $250M","Pastor Paul",,,3,"victorytulsa","https://www.instagram.com/reel/DTbmCSBEag5/","275706251","Both","{""name"":""YouTube"",""url"":""https://www.youtube.com/victorytulsa"",""frequency"":null,""marketCity"":null...","Youtube, Victory Church Live Stream, Apple Podcasts, Spotify","Streaming Platform, Online Radio, Podcast Directory","❌ No spend data found",,"https://podcasts.apple.com/us/podcast/victory-church-audio-podcasts/id425393372","https://podcasts.apple.com/us/podcast/victory-church-audio-podcasts/id425393372","0","Response","Response","{""matchedCompany"":""None found"",""evidenceUrl"":"""",""evidenceSnippet"":""""}","None found."
"Viral Solutions","Curt Landry","viralsolutions.net","https://www.linkedin.com/company/viral-solutions-inc-","11-50 employees","At Viral Solutions, we know that you want to be an industry leader. In order to do that, you need a solid marketing strategy that grows your business.

The problem is that most marketing companies don’t take a holistic approach. They only focus on a few aspects of your marketing, failing to consider the bigger picture. This creates confusion and a lack of coordination in your company.  

We get it. That’s why we prioritize coordination by factoring in every facet of your online presence—from the front-facing experience for the customer to the back-end setup for your team. 

For more than ten years, we have helped our clients grow and scale their companies with custom marketing strategies that work.

Here’s how…
1. We research your customer, your industry, and your competition.
2. We use data, not emotions, to develop the best marketing strategy for your business.
3. We use a proven method that allows seamless communication from every angle.

Then, we test, measure, and optimize to ensure we move in the right direction. 

We use our cross-trained and experienced staff of data analysts, project managers, content marketers, designers, and coders to get you results. 

Committed to gaining more qualified leads and generating higher profits? Then we should talk. Contact us at 920-260-2020 or contactus@viralsolutions.net

Stop wasting time and money with your marketing. Get all cylinders firing so you can be productive and get back to working on your business.","Response","Agency","Subscription, Transactional, Services (Consulting/Retainer), Commission/Affiliate","Subscription, Transactional, Services (Consulting/Retainer), Commission/Affiliate","$1M - $5M",,,,,"https://facebook.com/viralsolutions","https://www.instagram.com/viral.solutions/","29600","Radio","{""name"":""Apple Podcasts"",""url"":""https://podcasts.apple.com/us/podcast/the-obsessed-marketer/id161...","Apple Podcasts, Spotify, Iheartradio, Amazon Music Podcasts, Google Podcasts Feed, Youtube Viralsolutionsnet1 Channel, Apple Podcasts, Spotify","Podcast Directory, Streaming Platform","❌ No spend data found",,"https://podcasts.apple.com/us/podcast/viral-solutions-your-chief-marketing-officer-marketing/id16...","https://podcasts.apple.com/us/podcast/viral-solutions-your-chief-marketing-officer-marketing/id1610377710","0","Response","Response","{""matchedCompany"":""None found"",""evidenceUrl"":"""",""evidenceSnippet"":""""}","None found."
"Vision for Israel","Barry Segal","visionforisrael.com","https://www.linkedin.com/company/visionforisrael","11-50 employees","Vision for Israel is committed to helping decrease poverty rates in Israel and spreading love, truth, and healing to the people who need it the most.

The number of people living in poverty in Israel is alarming. Vision for Israel wants to change this, and effectively reach people with the love of Yeshua by meeting their physical and emotional needs in practical ways. Each Vision for Israel outreach project is purpose-driven and directly impacts our brothers and sisters in need. Together, we can rebuild Israel and the Middle East.

Vision for Israel aims to bless Israel in practical ways, restoring lives by spreading love and compassion, distributing humanitarian aid and disaster relief to those who need it most. Vision for Israel has been operating in partnership with the Israeli government and social services for the past 25 years, impacting over ONE MILLION lives and decreasing poverty in Israel. Some of which are holocaust survivors, victims of terror attacks, orphans and widows, and new immigrants.

Batya was born in an orthodox Jewish family with a Yemenite background in Jerusalem. In 1981, Barry made Aliyah from the USA and moved to Jerusalem to serve with Derek and Ruth Prince. Barry met Batya at a Bible study, and they married in Jerusalem in 1987. Barry and Batya Segal founded Vision for Israel in 1994, as a charitable organization established to help rebuild the nation of Israel, for the physical and spiritual restoration of the people in despair living in Israel. The Segals are also internationally known speakers, worship leaders, and television hosts.

Vision for Israel has also been a source of spiritual aid to the nations through VFI News which helps people from the nations stay updated on key events from Israel, learn about the situation, and pray more effectively for grace and provision where needed the most.

USA office contact info: info@visionforisrael.com, 866-351-0075, Vision for Israel, PO Box 7743, Charlotte NC 28241.","Response","Nonprofit","Donations (one-time and recurring; also legacy, stock/crypto/in-kind gifts), Transactional e-comm...","Donations (one-time and recurring; also legacy, stock/crypto/in-kind gifts), Transactional e-commerce (online gift store/merchandise sales).","$1M - $5M",,,,,"http://www.facebook.com/VisionForIsrael","https://www.instagram.com/visionforisrael/","3254","TV","{""name"":""YouTube"",""url"":""https://www.youtube.com/user/VisionforIsrael"",""frequency"":null,""marketCi...","Youtube, Youtube, Youtube, Apple App Store, Google Play Store, Vfi News Website","Streaming Platform, Mobile App, Other","❌ No spend data found",,"https://podcasts.apple.com/us/podcast/voice-for-israel/id1476885729","https://podcasts.apple.com/us/podcast/voice-for-israel/id1476885729","0","Response","Response","{""matchedCompany"":""None found"",""evidenceUrl"":"""",""evidenceSnippet"":""""}","No explicit, authoritative evidence was found that Vision for Israel is a customer or listed partner of any of the named companies. Therefore, the result is 'None found'."
"Voice of Prophecy","Voice Of Prophecy","voiceofprophecy.com",,,,"Response","Media Ministry","Donations, Subscription, Transactional, Sponsorship","Donations, Subscription, Transactional, Sponsorship","$1M - $5M",,,,,"http://www.facebook.com/vopministry","https://www.instagram.com/voiceofprophecy/","19900","Both","{""name"":""Apple Podcasts"",""url"":""https://podcasts.apple.com/us/podcast/voice-of-prophecy-classic/i...","Apple Podcasts, Spreaker, Youtube, Iheartradio, Google Podcasts, Stitcher","Podcast Directory, Streaming Platform","❌ No spend data found",,"https://podcasts.apple.com/us/podcast/voice-of-prophecy-classic/id1089833017","https://podcasts.apple.com/us/podcast/voice-of-prophecy-classic/id1089833017","0","Response","Response","{""matchedCompany"":""None found"",""evidenceUrl"":"""",""evidenceSnippet"":""""}","No explicit, authoritative evidence was found that Voice of Prophecy (voiceofprophecy.com) is a customer or user of any of the companies in the provided list. Therefore the result is: None found."
"Voice of Prophecy","Voice Of Prophecy","vop.com","https://www.linkedin.com/company/voice-of-prophecy","11-50 employees","The Voice of Prophecy is a Bible-based media ministry that shares the love of Jesus through digital content, spiritual resources and humanitarian projects

FULL DESCRIPTION
The Voice of Prophecy exists to proclaim the everlasting gospel of Christ—leading people to accept Jesus as their personal Savior and nurturing them in preparation for His soon return.

A leader in religious broadcasting for more than 85 years, the Voice of Prophecy focuses on God's love and heralds the soon return of Christ—providing hope to broken people and guidance for daily living. Founded in 1929 by H.M.S. Richards, the ministry continues today under the leadership of Speaker/Director Shawn Boonstra and Associate Speaker Jean Boonstra.

The Voice of Prophecy can be heard in nearly three dozen languages, and Bible lessons are available in more than 70 languages. Local Discover Bible Schools have been established at 2,400 churches across North America, with hundreds more around the world. And humanitarian projects in countries such as India are meeting physical as well as spiritual needs. As the Voice of Prophecy looks to the future, it will continue to focus on sharing the love of Christ with a hurting world, while using present tools and anticipating yet-to-be-developed technology.
 
How We Serve
• Weekend radio broadcasts on hundreds of stations in North America, including the weekly Disclosure broadcast and Discovery Mountain, a new program for kids launching in April 2017
• Free Bible courses by mail, satellite, online, and mobile devices
• www.biblestudies.com — courses in dozens of languages from Bible schools around the world
• www.bibleinfo.com — questions answered, daily messages, prayer requests
• www.kidsbibleinfo.com — Bible guides, games, stories, and more, just for kids
• Live events worldwide — such as Shadow Empire and A Pale Horse Rides
• Christian resources for spiritual growth and sharing
• Humanitarian projects in places such as India and Myanmar","Response","Media Ministry","Subscription","Subscription","$1M - $5M",,,,,"vopministry","https://www.instagram.com/voiceofprophecy/","19900","Radio, TV","{""name"":""Local Radio Affiliates"",""url"":null,""frequency"":null,""marketCity"":null,""channelType"":""rad...","Local Radio Affiliates, Itunes, Stitcher, Tunein, Google Podcasts, Soundcloud, Iheartradio, Spreaker, Spotify, Apple Podcasts, Youtube, Podbean","Radio Station, Podcast Directory, Online Radio, Streaming Platform","❌ No spend data found",,"https://podcasts.apple.com/us/podcast/voice-of-prophecy-classic/id1089833017","https://podcasts.apple.com/us/podcast/voice-of-prophecy-classic/id1089833017","0","Response","Response","{""matchedCompany"":""None found"",""evidenceUrl"":""None found"",""evidenceSnippet"":""None found""}","No explicit, authoritative evidence was found that Voice of Prophecy (vop.com) is a customer, user, or partner of any of the listed companies: youversion.com, angel.com, bible.com, pushpay.com, pulpitai.com, christianpost.com, gloo.us, glorify.com, simplecast.com, abideomaha.org, sharefaith.com, faithwire.com, churchtechonline.com, cbndigital.com.tr, ytatv.com, churchtranslation.org, rightnowmedia.org, livevoice.io, cbn.com, emfmedia.com, salemmedia.com, daystar.com, tct.tv, bottradionetwork.com, afr.net, wrjz.com, ytatv.com, tbn.org."
"Voice of Prophecy","Voice Of Prophecy","discoverymountain.com",,,,"Response","Podcast","Subscription, Freemium, Merchandise, Donations","Subscription, Freemium, Merchandise, Donations","$1M - $5M",,,,,,"https://www.instagram.com/discoverymtn/","1766","Both","{""name"":""Apple Podcasts"",""url"":""https://podcasts.apple.com/us/podcast/discovery-mountain/id123990...","Apple Podcasts, Spotify, Iheartradio, Audioverse, Tunein, Youtube, Apple App Store, Google Play Store, Apple Podcasts","Podcast Directory, Streaming Platform, Online Radio, Mobile App","❌ No spend data found",,"https://podcasts.apple.com/us/podcast/voice-of-prophecy-classic/id1089833017","https://podcasts.apple.com/us/podcast/voice-of-prophecy-classic/id1089833017","0","Response","Response","{""matchedCompany"":""None found"",""evidenceUrl"":"""",""evidenceSnippet"":""""}","I searched the target site discoverymountain.com (and related Voice of Prophecy pages) and vendor/third-party sites for explicit, authoritative statements that Voice of Prophecy (discoverymountain.com) is a customer/partner of any company on the provided list. I found no explicit evidence that Voice of Prophecy or Discovery Mountain is a customer or user of any of the listed companies. The discoverymountain.com site and related Voice of Prophecy pages mention distribution on major podcast platforms, an app (links to Apple/Google stores), and use of third-party services such as Stripe and Google Analytics (privacy policy), but do not name any of the target vendors (youversion.com, angel.com, bible.com, pushpay.com, pulpitai.com, christianpost.com, gloo.us, glorify.com, simplecast.com, abideomaha.org, sharefaith.com, faithwire.com, churchtechonline.com, cbndigital.com.tr, ytatv.com, churchtranslation.org, rightnowmedia.org, livevoice.io, cbn.com, emfmedia.com, salemmedia.com, daystar.com, tct.tv, bottradionetwork.com, afr.net, wrjz.com, ytatv.com, tbn.org)."
"Voice of the Martyrs","The Voice of the Martyrs","vom-usa.org","https://www.linkedin.com/company/the-voice-of-the-martyrs","201-500 employees","Serving persecuted Christians in the world's most difficult and dangerous places to follow Christ.","Response","Parachurch organization","Individual donations/contributions, product sales (retail/merchandise), legacy/planned giving (be...","Individual donations/contributions, product sales (retail/merchandise), legacy/planned giving (bequests, non-cash gifts), grants/institutional funding (including CFC and employer matching), event-based fundraising","$25M - $50M",,,,,"facebook.com/vomusa","https://www.instagram.com/vom_usa/","103000","Both","{""name"":""VOMRadio (The Voice of the Martyrs Radio Network)"",""url"":""https://www.vomradio.net/"",""fr...","Vomradio The Voice Of The Martyrs Radio Network, Apple Podcasts, Google Podcasts, Spotify, Amazon Music, Soundcloud, Iheartradio, Overcast, Breaker, Radiopublic, Tunein, Rss Feed, Youtube, Vom App, Vom Radio Network Affiliates","Online Radio, Podcast Directory, Streaming Platform, Other, Mobile App, Radio Station","❌ No spend data found",,"https://podcasts.apple.com/us/podcast/vomradio/id920807796","https://podcasts.apple.com/us/podcast/vomradio/id920807796","0","Response","Response","{""matchedCompany"":""bible.com"",""evidenceUrl"":""https://www.bible.com/organizations/32dc77d1-8919-40...","Voice of the Martyrs (vom-usa.org) is a customer or user of bible.com / YouVersion. This is evidenced by an organization page for ""The Voice of the Martyrs"" on Bible.com, which allows users to follow them in the Bible App. No explicit evidence was found linking Voice of the Martyrs to any other companies in the provided list."
"Waters Church","Tim Hatch","waterschurch.org","https://www.linkedin.com/company/waters-church",,"Experience an exciting, non-denominational Christian church service at Waters Church in Norwood, North Attleboro.","Response","Church","Donations (tithes/offerings), Transactional (event/registration/service fees), Program/Tuition fees","Donations (tithes/offerings), Transactional (event/registration/service fees), Program/Tuition fees","$0 - $500K","Tim Hatch",,"Non-Denominational",7,"https://www.facebook.com/waterschurchna/","https://www.instagram.com/waterschurch/","5205","Both","{""name"":""Apple Podcasts"",""url"":""https://podcasts.apple.com/us/podcast/the-weekend-at-waters-churc...","Apple Podcasts, Spotify, Youtube, Waterschurch Tv, Facebook","Podcast Directory, Streaming Platform, Online Radio","❌ No spend data found",,"https://podcasts.apple.com/us/podcast/the-weekend-at-waters-church/id518656163","https://podcasts.apple.com/us/podcast/the-weekend-at-waters-church/id518656163","1.2","Response","Response","{""matchedCompany"":""None found"",""evidenceUrl"":""None found"",""evidenceSnippet"":""None found""}","After conducting exhaustive searches of waterschurch.org and public partner/customer pages of the specified companies, no explicit evidence was found to indicate that Waters Church is a customer or user of any of the listed companies. Therefore, no matches were found."
"WaterStone","WaterStone Channel","waterstone.org","https://www.linkedin.com/company/waterstoneorg","11-50 employees","WaterStone exists to honor God, serve givers and build the Kingdom. We’ve been driven by an entrepreneurial giving spirit for over 40 years.  As business leaders with a collective century of business, commercial banking, private equity and ministry experience, we’re constantly seeking innovative means to help those we serve think differently about their giving. We help you multiply your giving impact, minimize taxes, and heighten your joy of generosity.","Response","Nonprofit","Administrative/Management fees (fees on donor-advised funds / giving funds / trusts), Investment ...","Administrative/Management fees (fees on donor-advised funds / giving funds / trusts), Investment income (returns on managed assets), Service/Advisory fees. Secondary/other: Donations/grants (as a nonprofit).","$1M - $5M",,,,,"http://www.facebook.com/pages/WaterStone/138131359630558","The company's official Instagram profile is: https://www.instagram.com/waterstoneorg/","167","No radio or TV programming details available for WaterStone","{""name"":""YouTube"",""url"":""https://www.youtube.com/@waterstoneorg"",""frequency"":null,""marketCity"":nu...","Youtube, Spotify, Apple Podcasts, Omny Fm Episode Page, Iheartradio, Amazon Music Podcasts, Spotify, Apple Podcasts","Streaming Platform, Podcast Directory","❌ No spend data found",,"Response","",,"Response",,"{""matchedCompany"":""None found"",""evidenceUrl"":"""",""evidenceSnippet"":""""}","No explicit evidence was found that WaterStone (waterstone.org) is a customer or user of any company in the provided list."
"Where You Are Church","Mike Hilson","whereyouare.church",,,,"Response","Church","Donations, Transactional","Donations, Transactional",,,,,,,"https://www.instagram.com/whereyouare.church/","678","TV","{""name"":""Where You Are Church - Media"",""url"":""https://www.whereyouare.church/media"",""frequency"":n...","Where You Are Church Media, Watch Where You Are Church, Youtube, Roku Channel Store, My Wyac Mobile App","Streaming Platform, Mobile App","❌ No spend data found",,"Response","",,"Response",,"{""matchedCompany"":""None found"",""evidenceUrl"":"""",""evidenceSnippet"":""""}","No explicit evidence was found that Where You Are Church (whereyouare.church) is a customer or user of any company in the provided list. Therefore, the result is 'None found'."
"Wisdom International","Stephen Davey","wisdomonline.org","https://www.linkedin.com/company/wisdominternational","2-10 employees","Wisdom International provides radio broadcasts, digital content, and print resources designed to make disciples of all the nations and edify followers of Jesus. 

Our passion is to help people know what the Bible says, understand what it means, and apply it to their lives.","Response","Media Ministry","Donations","Donations","$5M - $10M",,,,,"http://www.facebook.com/wisdomfortheheart","https://www.instagram.com/wisdomonlineorg/","1215","Radio","{""name"":""New Testament Radio"",""url"":null,""frequency"":""102.9 FM"",""marketCity"":""Baghdad, Iraq"",""cha...","New Testament Radio, Caracas, Twr, Pas7 Satellite Channel 155, Vivid Audio Satellite Service Channel 8, Apple Podcasts, Spotify, Youtube","Radio Station, Satellite Radio, Podcast Directory, Streaming Platform","✅ Spend data found for wisdomonline.org",12.856770321726799,"https://podcasts.apple.com/us/channel/wisdom-international/id6449437956","https://podcasts.apple.com/us/channel/wisdom-international/id6449437956","0","Response","Response","{""matchedCompany"":""None found"",""evidenceUrl"":"""",""evidenceSnippet"":""""}","Based on a comprehensive search of wisdomonline.org and various vendor websites, no explicit evidence was found to indicate that Wisdom International is a customer or user of any of the listed companies. The wisdomonline.org site is identified as being powered by 'The A Group', but no other vendor relationships from the provided list were identified."
"With Love Internet","Barry Segal","withloveinternet.com","https://www.linkedin.com/company/withloveinternet","2-10 employees","Want to grow your online audience and revenue? Uncertain about the digital strategy that will help you reach your online goals? Not sure about how to take full advantage of the cutting-edge digital technologies available today?

Most organizations struggle to reach their online goals. We build a strategy and execute it, to help them grow again.

You shouldn't have to spend so much time and effort on creating an online strategy, building your own website and managing your organization's social media accounts and campaigns. We are here to serve you as experts in online digital marketing, website and mobile app design and development, which is focused on your growth and reaching your business goals.

Your online growth starts here.","Response","Agency","Project-based (one-time), Retainer/Subscription, Hourly/Time & Materials","Project-based (one-time), Retainer/Subscription, Hourly/Time & Materials","$5M - $10M",,,,,"facebook.com/withloveinternet","https://www.instagram.com/withloveinternet/","294","No radio or TV programming details available for With Love Internet","{""name"":""YouTube"",""url"":""https://www.youtube.com/channel/UCPY5TIr_7PoAm_9u8ftdWBw"",""frequency"":nu...","Youtube","Streaming Platform","❌ No spend data found",,"Response","",,"Response",,"{""matchedCompany"":""tbn.org"",""evidenceUrl"":""https://withloveinternet.com/project/tbn-israel"",""evid...","With Love Internet (withloveinternet.com) is documented on its own site as having completed a project for TBN Israel (Trinity Broadcasting Network Israel). This provides explicit evidence linking With Love Internet to TBN (tbn.org). No explicit evidence was found that With Love Internet is a customer/user/partner of any other companies on the provided list after searching the target site and the listed companies' sites and homepages."
"World Challenge, Inc.","Gary Wilkerson","worldchallenge.org","https://www.linkedin.com/company/world-challenge_3","11-50 employees","World Challenge, Inc. was founded by Reverend David Wilkerson in 1971 and served as a corporate umbrella for his worldwide crusades, ministers' conferences, book and tract publication, video production, street evangelism, literature distribution, church planting, drug and alcohol rehabilitation centers and many charitable outreaches. Today, World Challenge Inc. shares the message of the gospel through mission outreaches and literature distribution. Sermons from David Wilkerson and his son Gary are shared monthly through the Pulpit Series newsletter to hundreds of thousands of people. The numerous mission outreaches of World Challenge to the poor include orphanages, overseas widows’ fund, emergency/disaster relief, healthcare/clinics, community development and feeding centers. Gary Wilkerson became president of World Challenge in 2010 and moves forward with the same heart and vision as his father.

Vision Statement
The vision of World Challenge is to evangelize the lost; empower, equip and encourage Christians in their daily faith; and bring biblical solutions to poverty within reach of every poor community around the world.

Mission Statement
World Challenge is a nondenominational Christian organization committed to communicating the truths of Scripture and the person of Jesus Christ in an accurate, clear, and practical manner leading people to an understanding of God’s love and plan for their lives. With God’s provision and following biblical principles, World Poverty Solutions brings lasting change to the whole person and communities – mentally, physically, socially, financially and spiritually.","Response","Parachurch organization","Donations, Recurring donations/sponsorships, Grants/Institutional support","Donations, Recurring donations/sponsorships, Grants/Institutional support","$1M - $5M",,,,,"worldchallengeinc","https://www.instagram.com/world_challenge/","28300","No radio or TV programming details available for World Challenge, Inc.","{""name"":""World Challenge Website"",""url"":""https://www.worldchallenge.org/podcasts"",""frequency"":nul...","World Challenge Website, World Challenge Website, Apple Podcasts, Spotify, Youtube, Soundcloud","Online Radio, Podcast Directory, Streaming Platform","❌ No spend data found",,"https://podcasts.apple.com/us/podcast/world-challenge-sermons/id1612870822","https://podcasts.apple.com/us/podcast/world-challenge-sermons/id1612870822","0.5","Response","Response","{""matchedCompany"":""None found"",""evidenceUrl"":"""",""evidenceSnippet"":""""}","I searched World Challenge's public website (worldchallenge.org) — including the homepage, about, partners, news/blog pages — and the public customer/partner/case-study or news pages for multiple companies from the provided list (youversion.com / bible.com, pushpay.com, rightnowmedia.org, tbn.org, cbn.com, daystar.com, gloo.us, sharefaith.com, simplecast.com, pulpitai.com, glorify.com, faithwire.com, christianpost.com, and others). I looked for explicit, unambiguous evidence (logo walls, customer lists, case studies, testimonials, press releases, partner directories) that explicitly name “World Challenge,” “World Challenge, Inc.” or “worldchallenge.org.” No explicit evidence was found on the World Challenge site or on the checked companies’ public pages that associates World Challenge, Inc. (worldchallenge.org) as a customer, partner, or user of any of the specified companies. Therefore the result is: None found."
"World Help","World Help","worldhelp.net","https://www.linkedin.com/company/world-help","51-200 employees","WHO WE ARE

World Help is a faith-based humanitarian organization that serves the physical and spiritual needs of people in impoverished communities around the world.

Help for Today . . . Hope for Tomorrow!

OUR APPROACH
While we work with integrity, we are passionate about keeping our ultimate goal in mind: improving the lives of others. To do that, we have created guidelines designed to help us make the greatest impact possible. They are at the heart of everything we do: Where we provide help, we leave a legacy of hope.

HELP FOR TODAY
We care for people: We provide the basic necessities of food, clothing, and educational opportunities for men, women, and children.

We train for tomorrow: We provide people with vocational training that teaches them the skills they need to support themselves.

We ensure access to clean water: We provide clean and safe drinking water where access doesn’t currently exist.

We provide medical aid: We provide medical supplies to communities and clinics.

We respond in crisis: When called upon, we provide food, shelter, blankets, water, and other supplies for victims of disaster to rebuild.

HOPE FOR TOMORROW
We share the Good News: We share God’s Word with people that need it most.

We build church communities: We help people build churches and church communities in unreached areas of the world.","Response","Nonprofit","Donations (one-time & recurring), Grants/Corporate donations, Corporate partnerships/sponsorships...","Donations (one-time & recurring), Grants/Corporate donations, Corporate partnerships/sponsorships, Merchandise sales","$10M - $25M",,,,,"http://www.facebook.com/worldhelp","https://www.instagram.com/world_help/","9394","No radio or TV programming details available for World Help","{""name"":""Podomatic"",""url"":""https://www.podomatic.com/podcasts/vernonbrewer"",""frequency"":null,""mar...","Podomatic, Apple Podcasts, Omny The Eric Metaxas Show, Charisma Podcast Network, Faithradio, Fox News Radio, Youtube, Positive Alternative Radio","Streaming Platform, Podcast Directory, Online Radio","❌ No spend data found",,"Response","",,"Response",,"{""matchedCompany"":""bible.com"",""evidenceUrl"":""https://www.bible.com/yo/organizations/9d1c6df3-a9c7...","One explicit match was found: bible.com (YouVersion/Bible.com organization page listing World Help). No other companies from the provided list produced explicit evidence that World Help is a customer, partner, or user."
"Xtreme Recognition","Kraig & Desiree Bougher","xrgifts.com",,,,"Response","Agency","Product Sales, B2B Services/Contracts (Retainer), Transactional/Fulfillment fees, Subscription","Product Sales, B2B Services/Contracts (Retainer), Transactional/Fulfillment fees, Subscription","$5M - $10M",,,,,"http://www.facebook.com/XtremeRecognition","https://www.instagram.com/reel/DPqi95yEsIt/","Response","No radio or TV programming details available for Xtreme Recognition","{""name"":""YouTube"",""url"":""https://www.youtube.com/@xtremerecognition9365"",""frequency"":null,""market...","Youtube, Apple Podcasts, Spotify Creators Page","Streaming Platform, Podcast Directory","❌ No spend data found",,"Response","",,"Response",,"{""matchedCompany"":""None found"",""evidenceUrl"":"""",""evidenceSnippet"":""""}","I found no explicit, authoritative evidence that Xtreme Recognition (xrgifts.com / xtremerecognition.com) is a customer or user of any company in the provided list. Therefore, the result is: None found."
"youstream.com","Renee Kennedy","gmil.com",,,,"Response","Broadcasting platform","Advertising, Affiliate/Referral","Advertising, Affiliate/Referral","$1M-$10M",,,,,,"https://www.instagram.com/reel/DTAl9IHiCCx/","275703599","TV","{""name"":""noResults"",""url"":null,""frequency"":null,""marketCity"":null,""channelType"":""other"",""showOrCh...","Noresults","Other","❌ No spend data found",,"Response","",,"Response",,"{""matchedCompany"":""None found"",""evidenceUrl"":"""",""evidenceSnippet"":""""}","I searched the target domain gmil.com (and the alternate/claimed domain youstream.com) and conducted site-specific and web-wide searches for explicit, authoritative evidence that youstream.com (canonical domain gmil.com) is a customer or user of any company from the provided list. I looked for explicit evidence only (logo walls, case studies, testimonials, partner/customer lists, press releases, or documented tech usage). After exhaustive checks of the target site (pages and site: queries), leading public pages on youstream.com, and targeted searches across the listed companies’ sites and partner/customer directories, I found no explicit evidence linking youstream.com / gmil.com to any of the listed companies. No explicit, authoritative evidence was found that youstream.com (canonical domain gmil.com) is a customer or user of any company on the provided list. Therefore the correct extraction result is: None found."